accuracy,exp,odor1,odor2,comp,animal,condition
0.7,A103R_tracesfeature_odorafcondition_2SECAFODORONSET,Pentanol,Hexanol,"Pentanol
Hexanol",A103R,af
0.9,A103R_tracesfeature_odorafcondition_2SECAFODORONSET,Pentanol,Hexanol,"Pentanol
Hexanol",A103R,af
0.8,A103R_tracesfeature_odorafcondition_2SECAFODORONSET,Pentanol,Hexanol,"Pentanol
Hexanol",A103R,af
1.0,A103R_tracesfeature_odorafcondition_2SECAFODORONSET,Pentanol,Hexanol,"Pentanol
Hexanol",A103R,af
0.9,A103R_tracesfeature_odorafcondition_2SECAFODORONSET,Pentanol,Hexanol,"Pentanol
Hexanol",A103R,af
0.8,A103R_tracesfeature_odorafcondition_2SECAFODORONSET,Pentanol,Hexanol,"Pentanol
Hexanol",A103R,af
0.8,A103R_tracesfeature_odorafcondition_2SECAFODORONSET,Pentanol,Hexanol,"Pentanol
Hexanol",A103R,af
0.8,A103R_tracesfeature_odorafcondition_2SECAFODORONSET,Pentanol,Hexanol,"Pentanol
Hexanol",A103R,af
0.9,A103R_tracesfeature_odorafcondition_2SECAFODORONSET,Pentanol,Hexanol,"Pentanol
Hexanol",A103R,af
0.6,A103R_tracesfeature_odorafcondition_2SECAFODORONSET,Pentanol,Hexanol,"Pentanol
Hexanol",A103R,af
0.9,A103R_tracesfeature_odorafcondition_2SECAFODORONSET,Pentanol,Heptanol,"Pentanol
Heptanol",A103R,af
0.8,A103R_tracesfeature_odorafcondition_2SECAFODORONSET,Pentanol,Heptanol,"Pentanol
Heptanol",A103R,af
0.7,A103R_tracesfeature_odorafcondition_2SECAFODORONSET,Pentanol,Heptanol,"Pentanol
Heptanol",A103R,af
0.7,A103R_tracesfeature_odorafcondition_2SECAFODORONSET,Pentanol,Heptanol,"Pentanol
Heptanol",A103R,af
0.9,A103R_tracesfeature_odorafcondition_2SECAFODORONSET,Pentanol,Heptanol,"Pentanol
Heptanol",A103R,af
1.0,A103R_tracesfeature_odorafcondition_2SECAFODORONSET,Pentanol,Heptanol,"Pentanol
Heptanol",A103R,af
0.7,A103R_tracesfeature_odorafcondition_2SECAFODORONSET,Pentanol,Heptanol,"Pentanol
Heptanol",A103R,af
0.9,A103R_tracesfeature_odorafcondition_2SECAFODORONSET,Pentanol,Heptanol,"Pentanol
Heptanol",A103R,af
0.9,A103R_tracesfeature_odorafcondition_2SECAFODORONSET,Pentanol,Heptanol,"Pentanol
Heptanol",A103R,af
0.8,A103R_tracesfeature_odorafcondition_2SECAFODORONSET,Pentanol,Heptanol,"Pentanol
Heptanol",A103R,af
0.9,A103R_tracesfeature_odorafcondition_2SECAFODORONSET,Pentanol,Octanol,"Pentanol
Octanol",A103R,af
0.9,A103R_tracesfeature_odorafcondition_2SECAFODORONSET,Pentanol,Octanol,"Pentanol
Octanol",A103R,af
1.0,A103R_tracesfeature_odorafcondition_2SECAFODORONSET,Pentanol,Octanol,"Pentanol
Octanol",A103R,af
0.8,A103R_tracesfeature_odorafcondition_2SECAFODORONSET,Pentanol,Octanol,"Pentanol
Octanol",A103R,af
0.8,A103R_tracesfeature_odorafcondition_2SECAFODORONSET,Pentanol,Octanol,"Pentanol
Octanol",A103R,af
0.6,A103R_tracesfeature_odorafcondition_2SECAFODORONSET,Pentanol,Octanol,"Pentanol
Octanol",A103R,af
0.9,A103R_tracesfeature_odorafcondition_2SECAFODORONSET,Pentanol,Octanol,"Pentanol
Octanol",A103R,af
0.9,A103R_tracesfeature_odorafcondition_2SECAFODORONSET,Pentanol,Octanol,"Pentanol
Octanol",A103R,af
0.9,A103R_tracesfeature_odorafcondition_2SECAFODORONSET,Pentanol,Octanol,"Pentanol
Octanol",A103R,af
0.8,A103R_tracesfeature_odorafcondition_2SECAFODORONSET,Pentanol,Octanol,"Pentanol
Octanol",A103R,af
0.9,A103R_tracesfeature_odorafcondition_2SECAFODORONSET,Hexanol,Heptanol,"Hexanol
Heptanol",A103R,af
0.8,A103R_tracesfeature_odorafcondition_2SECAFODORONSET,Hexanol,Heptanol,"Hexanol
Heptanol",A103R,af
0.9,A103R_tracesfeature_odorafcondition_2SECAFODORONSET,Hexanol,Heptanol,"Hexanol
Heptanol",A103R,af
0.8,A103R_tracesfeature_odorafcondition_2SECAFODORONSET,Hexanol,Heptanol,"Hexanol
Heptanol",A103R,af
0.6,A103R_tracesfeature_odorafcondition_2SECAFODORONSET,Hexanol,Heptanol,"Hexanol
Heptanol",A103R,af
0.8,A103R_tracesfeature_odorafcondition_2SECAFODORONSET,Hexanol,Heptanol,"Hexanol
Heptanol",A103R,af
0.9,A103R_tracesfeature_odorafcondition_2SECAFODORONSET,Hexanol,Heptanol,"Hexanol
Heptanol",A103R,af
0.9,A103R_tracesfeature_odorafcondition_2SECAFODORONSET,Hexanol,Heptanol,"Hexanol
Heptanol",A103R,af
0.9,A103R_tracesfeature_odorafcondition_2SECAFODORONSET,Hexanol,Heptanol,"Hexanol
Heptanol",A103R,af
0.7,A103R_tracesfeature_odorafcondition_2SECAFODORONSET,Hexanol,Heptanol,"Hexanol
Heptanol",A103R,af
1.0,A103R_tracesfeature_odorafcondition_2SECAFODORONSET,Hexanol,Octanol,"Hexanol
Octanol",A103R,af
0.8,A103R_tracesfeature_odorafcondition_2SECAFODORONSET,Hexanol,Octanol,"Hexanol
Octanol",A103R,af
0.9,A103R_tracesfeature_odorafcondition_2SECAFODORONSET,Hexanol,Octanol,"Hexanol
Octanol",A103R,af
1.0,A103R_tracesfeature_odorafcondition_2SECAFODORONSET,Hexanol,Octanol,"Hexanol
Octanol",A103R,af
1.0,A103R_tracesfeature_odorafcondition_2SECAFODORONSET,Hexanol,Octanol,"Hexanol
Octanol",A103R,af
0.9,A103R_tracesfeature_odorafcondition_2SECAFODORONSET,Hexanol,Octanol,"Hexanol
Octanol",A103R,af
0.8,A103R_tracesfeature_odorafcondition_2SECAFODORONSET,Hexanol,Octanol,"Hexanol
Octanol",A103R,af
0.8,A103R_tracesfeature_odorafcondition_2SECAFODORONSET,Hexanol,Octanol,"Hexanol
Octanol",A103R,af
0.8,A103R_tracesfeature_odorafcondition_2SECAFODORONSET,Hexanol,Octanol,"Hexanol
Octanol",A103R,af
1.0,A103R_tracesfeature_odorafcondition_2SECAFODORONSET,Hexanol,Octanol,"Hexanol
Octanol",A103R,af
0.7,A103R_tracesfeature_odorafcondition_2SECAFODORONSET,Heptanol,Octanol,"Heptanol
Octanol",A103R,af
0.9,A103R_tracesfeature_odorafcondition_2SECAFODORONSET,Heptanol,Octanol,"Heptanol
Octanol",A103R,af
0.9,A103R_tracesfeature_odorafcondition_2SECAFODORONSET,Heptanol,Octanol,"Heptanol
Octanol",A103R,af
0.8,A103R_tracesfeature_odorafcondition_2SECAFODORONSET,Heptanol,Octanol,"Heptanol
Octanol",A103R,af
0.6,A103R_tracesfeature_odorafcondition_2SECAFODORONSET,Heptanol,Octanol,"Heptanol
Octanol",A103R,af
0.8,A103R_tracesfeature_odorafcondition_2SECAFODORONSET,Heptanol,Octanol,"Heptanol
Octanol",A103R,af
0.7,A103R_tracesfeature_odorafcondition_2SECAFODORONSET,Heptanol,Octanol,"Heptanol
Octanol",A103R,af
0.8,A103R_tracesfeature_odorafcondition_2SECAFODORONSET,Heptanol,Octanol,"Heptanol
Octanol",A103R,af
0.9,A103R_tracesfeature_odorafcondition_2SECAFODORONSET,Heptanol,Octanol,"Heptanol
Octanol",A103R,af
0.9,A103R_tracesfeature_odorafcondition_2SECAFODORONSET,Heptanol,Octanol,"Heptanol
Octanol",A103R,af
0.6,A103R_tracesfeature_odorbfcondition_2SECAFODORONSET,Pentanol,Hexanol,"Pentanol
Hexanol",A103R,bf
0.4,A103R_tracesfeature_odorbfcondition_2SECAFODORONSET,Pentanol,Hexanol,"Pentanol
Hexanol",A103R,bf
0.5,A103R_tracesfeature_odorbfcondition_2SECAFODORONSET,Pentanol,Hexanol,"Pentanol
Hexanol",A103R,bf
0.7,A103R_tracesfeature_odorbfcondition_2SECAFODORONSET,Pentanol,Hexanol,"Pentanol
Hexanol",A103R,bf
0.6,A103R_tracesfeature_odorbfcondition_2SECAFODORONSET,Pentanol,Hexanol,"Pentanol
Hexanol",A103R,bf
0.3,A103R_tracesfeature_odorbfcondition_2SECAFODORONSET,Pentanol,Hexanol,"Pentanol
Hexanol",A103R,bf
0.5,A103R_tracesfeature_odorbfcondition_2SECAFODORONSET,Pentanol,Hexanol,"Pentanol
Hexanol",A103R,bf
0.6,A103R_tracesfeature_odorbfcondition_2SECAFODORONSET,Pentanol,Hexanol,"Pentanol
Hexanol",A103R,bf
0.6,A103R_tracesfeature_odorbfcondition_2SECAFODORONSET,Pentanol,Hexanol,"Pentanol
Hexanol",A103R,bf
0.5,A103R_tracesfeature_odorbfcondition_2SECAFODORONSET,Pentanol,Hexanol,"Pentanol
Hexanol",A103R,bf
0.5,A103R_tracesfeature_odorbfcondition_2SECAFODORONSET,Pentanol,Heptanol,"Pentanol
Heptanol",A103R,bf
0.6,A103R_tracesfeature_odorbfcondition_2SECAFODORONSET,Pentanol,Heptanol,"Pentanol
Heptanol",A103R,bf
0.7,A103R_tracesfeature_odorbfcondition_2SECAFODORONSET,Pentanol,Heptanol,"Pentanol
Heptanol",A103R,bf
0.5,A103R_tracesfeature_odorbfcondition_2SECAFODORONSET,Pentanol,Heptanol,"Pentanol
Heptanol",A103R,bf
0.6,A103R_tracesfeature_odorbfcondition_2SECAFODORONSET,Pentanol,Heptanol,"Pentanol
Heptanol",A103R,bf
0.7,A103R_tracesfeature_odorbfcondition_2SECAFODORONSET,Pentanol,Heptanol,"Pentanol
Heptanol",A103R,bf
0.6,A103R_tracesfeature_odorbfcondition_2SECAFODORONSET,Pentanol,Heptanol,"Pentanol
Heptanol",A103R,bf
0.8,A103R_tracesfeature_odorbfcondition_2SECAFODORONSET,Pentanol,Heptanol,"Pentanol
Heptanol",A103R,bf
0.6,A103R_tracesfeature_odorbfcondition_2SECAFODORONSET,Pentanol,Heptanol,"Pentanol
Heptanol",A103R,bf
0.8,A103R_tracesfeature_odorbfcondition_2SECAFODORONSET,Pentanol,Heptanol,"Pentanol
Heptanol",A103R,bf
0.4,A103R_tracesfeature_odorbfcondition_2SECAFODORONSET,Pentanol,Octanol,"Pentanol
Octanol",A103R,bf
0.5,A103R_tracesfeature_odorbfcondition_2SECAFODORONSET,Pentanol,Octanol,"Pentanol
Octanol",A103R,bf
0.8,A103R_tracesfeature_odorbfcondition_2SECAFODORONSET,Pentanol,Octanol,"Pentanol
Octanol",A103R,bf
0.5,A103R_tracesfeature_odorbfcondition_2SECAFODORONSET,Pentanol,Octanol,"Pentanol
Octanol",A103R,bf
0.4,A103R_tracesfeature_odorbfcondition_2SECAFODORONSET,Pentanol,Octanol,"Pentanol
Octanol",A103R,bf
0.3,A103R_tracesfeature_odorbfcondition_2SECAFODORONSET,Pentanol,Octanol,"Pentanol
Octanol",A103R,bf
0.8,A103R_tracesfeature_odorbfcondition_2SECAFODORONSET,Pentanol,Octanol,"Pentanol
Octanol",A103R,bf
0.7,A103R_tracesfeature_odorbfcondition_2SECAFODORONSET,Pentanol,Octanol,"Pentanol
Octanol",A103R,bf
0.9,A103R_tracesfeature_odorbfcondition_2SECAFODORONSET,Pentanol,Octanol,"Pentanol
Octanol",A103R,bf
0.8,A103R_tracesfeature_odorbfcondition_2SECAFODORONSET,Pentanol,Octanol,"Pentanol
Octanol",A103R,bf
0.2,A103R_tracesfeature_odorbfcondition_2SECAFODORONSET,Hexanol,Heptanol,"Hexanol
Heptanol",A103R,bf
0.3,A103R_tracesfeature_odorbfcondition_2SECAFODORONSET,Hexanol,Heptanol,"Hexanol
Heptanol",A103R,bf
0.4,A103R_tracesfeature_odorbfcondition_2SECAFODORONSET,Hexanol,Heptanol,"Hexanol
Heptanol",A103R,bf
0.2,A103R_tracesfeature_odorbfcondition_2SECAFODORONSET,Hexanol,Heptanol,"Hexanol
Heptanol",A103R,bf
0.7,A103R_tracesfeature_odorbfcondition_2SECAFODORONSET,Hexanol,Heptanol,"Hexanol
Heptanol",A103R,bf
0.7,A103R_tracesfeature_odorbfcondition_2SECAFODORONSET,Hexanol,Heptanol,"Hexanol
Heptanol",A103R,bf
0.6,A103R_tracesfeature_odorbfcondition_2SECAFODORONSET,Hexanol,Heptanol,"Hexanol
Heptanol",A103R,bf
0.7,A103R_tracesfeature_odorbfcondition_2SECAFODORONSET,Hexanol,Heptanol,"Hexanol
Heptanol",A103R,bf
0.9,A103R_tracesfeature_odorbfcondition_2SECAFODORONSET,Hexanol,Heptanol,"Hexanol
Heptanol",A103R,bf
0.6,A103R_tracesfeature_odorbfcondition_2SECAFODORONSET,Hexanol,Heptanol,"Hexanol
Heptanol",A103R,bf
0.6,A103R_tracesfeature_odorbfcondition_2SECAFODORONSET,Hexanol,Octanol,"Hexanol
Octanol",A103R,bf
0.8,A103R_tracesfeature_odorbfcondition_2SECAFODORONSET,Hexanol,Octanol,"Hexanol
Octanol",A103R,bf
0.8,A103R_tracesfeature_odorbfcondition_2SECAFODORONSET,Hexanol,Octanol,"Hexanol
Octanol",A103R,bf
0.6,A103R_tracesfeature_odorbfcondition_2SECAFODORONSET,Hexanol,Octanol,"Hexanol
Octanol",A103R,bf
0.7,A103R_tracesfeature_odorbfcondition_2SECAFODORONSET,Hexanol,Octanol,"Hexanol
Octanol",A103R,bf
0.8,A103R_tracesfeature_odorbfcondition_2SECAFODORONSET,Hexanol,Octanol,"Hexanol
Octanol",A103R,bf
0.6,A103R_tracesfeature_odorbfcondition_2SECAFODORONSET,Hexanol,Octanol,"Hexanol
Octanol",A103R,bf
0.7,A103R_tracesfeature_odorbfcondition_2SECAFODORONSET,Hexanol,Octanol,"Hexanol
Octanol",A103R,bf
0.5,A103R_tracesfeature_odorbfcondition_2SECAFODORONSET,Hexanol,Octanol,"Hexanol
Octanol",A103R,bf
0.7,A103R_tracesfeature_odorbfcondition_2SECAFODORONSET,Hexanol,Octanol,"Hexanol
Octanol",A103R,bf
0.3,A103R_tracesfeature_odorbfcondition_2SECAFODORONSET,Heptanol,Octanol,"Heptanol
Octanol",A103R,bf
0.3,A103R_tracesfeature_odorbfcondition_2SECAFODORONSET,Heptanol,Octanol,"Heptanol
Octanol",A103R,bf
0.5,A103R_tracesfeature_odorbfcondition_2SECAFODORONSET,Heptanol,Octanol,"Heptanol
Octanol",A103R,bf
0.8,A103R_tracesfeature_odorbfcondition_2SECAFODORONSET,Heptanol,Octanol,"Heptanol
Octanol",A103R,bf
0.6,A103R_tracesfeature_odorbfcondition_2SECAFODORONSET,Heptanol,Octanol,"Heptanol
Octanol",A103R,bf
0.6,A103R_tracesfeature_odorbfcondition_2SECAFODORONSET,Heptanol,Octanol,"Heptanol
Octanol",A103R,bf
0.3,A103R_tracesfeature_odorbfcondition_2SECAFODORONSET,Heptanol,Octanol,"Heptanol
Octanol",A103R,bf
0.7,A103R_tracesfeature_odorbfcondition_2SECAFODORONSET,Heptanol,Octanol,"Heptanol
Octanol",A103R,bf
0.5,A103R_tracesfeature_odorbfcondition_2SECAFODORONSET,Heptanol,Octanol,"Heptanol
Octanol",A103R,bf
0.3,A103R_tracesfeature_odorbfcondition_2SECAFODORONSET,Heptanol,Octanol,"Heptanol
Octanol",A103R,bf
1.0,A137N_tracesfeature_odorafcondition_2SECAFODORONSET,Pentanol,Hexanol,"Pentanol
Hexanol",A137N,af
0.9,A137N_tracesfeature_odorafcondition_2SECAFODORONSET,Pentanol,Hexanol,"Pentanol
Hexanol",A137N,af
0.9,A137N_tracesfeature_odorafcondition_2SECAFODORONSET,Pentanol,Hexanol,"Pentanol
Hexanol",A137N,af
0.9,A137N_tracesfeature_odorafcondition_2SECAFODORONSET,Pentanol,Hexanol,"Pentanol
Hexanol",A137N,af
0.8,A137N_tracesfeature_odorafcondition_2SECAFODORONSET,Pentanol,Hexanol,"Pentanol
Hexanol",A137N,af
0.7,A137N_tracesfeature_odorafcondition_2SECAFODORONSET,Pentanol,Hexanol,"Pentanol
Hexanol",A137N,af
0.9,A137N_tracesfeature_odorafcondition_2SECAFODORONSET,Pentanol,Hexanol,"Pentanol
Hexanol",A137N,af
0.9,A137N_tracesfeature_odorafcondition_2SECAFODORONSET,Pentanol,Hexanol,"Pentanol
Hexanol",A137N,af
0.9,A137N_tracesfeature_odorafcondition_2SECAFODORONSET,Pentanol,Hexanol,"Pentanol
Hexanol",A137N,af
0.9,A137N_tracesfeature_odorafcondition_2SECAFODORONSET,Pentanol,Hexanol,"Pentanol
Hexanol",A137N,af
0.8,A137N_tracesfeature_odorafcondition_2SECAFODORONSET,Pentanol,Heptanol,"Pentanol
Heptanol",A137N,af
1.0,A137N_tracesfeature_odorafcondition_2SECAFODORONSET,Pentanol,Heptanol,"Pentanol
Heptanol",A137N,af
0.9,A137N_tracesfeature_odorafcondition_2SECAFODORONSET,Pentanol,Heptanol,"Pentanol
Heptanol",A137N,af
1.0,A137N_tracesfeature_odorafcondition_2SECAFODORONSET,Pentanol,Heptanol,"Pentanol
Heptanol",A137N,af
0.9,A137N_tracesfeature_odorafcondition_2SECAFODORONSET,Pentanol,Heptanol,"Pentanol
Heptanol",A137N,af
0.7,A137N_tracesfeature_odorafcondition_2SECAFODORONSET,Pentanol,Heptanol,"Pentanol
Heptanol",A137N,af
0.9,A137N_tracesfeature_odorafcondition_2SECAFODORONSET,Pentanol,Heptanol,"Pentanol
Heptanol",A137N,af
1.0,A137N_tracesfeature_odorafcondition_2SECAFODORONSET,Pentanol,Heptanol,"Pentanol
Heptanol",A137N,af
0.9,A137N_tracesfeature_odorafcondition_2SECAFODORONSET,Pentanol,Heptanol,"Pentanol
Heptanol",A137N,af
0.9,A137N_tracesfeature_odorafcondition_2SECAFODORONSET,Pentanol,Heptanol,"Pentanol
Heptanol",A137N,af
0.9,A137N_tracesfeature_odorafcondition_2SECAFODORONSET,Pentanol,Octanol,"Pentanol
Octanol",A137N,af
0.7,A137N_tracesfeature_odorafcondition_2SECAFODORONSET,Pentanol,Octanol,"Pentanol
Octanol",A137N,af
0.5,A137N_tracesfeature_odorafcondition_2SECAFODORONSET,Pentanol,Octanol,"Pentanol
Octanol",A137N,af
1.0,A137N_tracesfeature_odorafcondition_2SECAFODORONSET,Pentanol,Octanol,"Pentanol
Octanol",A137N,af
0.9,A137N_tracesfeature_odorafcondition_2SECAFODORONSET,Pentanol,Octanol,"Pentanol
Octanol",A137N,af
0.6,A137N_tracesfeature_odorafcondition_2SECAFODORONSET,Pentanol,Octanol,"Pentanol
Octanol",A137N,af
0.8,A137N_tracesfeature_odorafcondition_2SECAFODORONSET,Pentanol,Octanol,"Pentanol
Octanol",A137N,af
1.0,A137N_tracesfeature_odorafcondition_2SECAFODORONSET,Pentanol,Octanol,"Pentanol
Octanol",A137N,af
0.9,A137N_tracesfeature_odorafcondition_2SECAFODORONSET,Pentanol,Octanol,"Pentanol
Octanol",A137N,af
0.6,A137N_tracesfeature_odorafcondition_2SECAFODORONSET,Pentanol,Octanol,"Pentanol
Octanol",A137N,af
0.5,A137N_tracesfeature_odorafcondition_2SECAFODORONSET,Hexanol,Heptanol,"Hexanol
Heptanol",A137N,af
0.7,A137N_tracesfeature_odorafcondition_2SECAFODORONSET,Hexanol,Heptanol,"Hexanol
Heptanol",A137N,af
0.8,A137N_tracesfeature_odorafcondition_2SECAFODORONSET,Hexanol,Heptanol,"Hexanol
Heptanol",A137N,af
0.4,A137N_tracesfeature_odorafcondition_2SECAFODORONSET,Hexanol,Heptanol,"Hexanol
Heptanol",A137N,af
0.8,A137N_tracesfeature_odorafcondition_2SECAFODORONSET,Hexanol,Heptanol,"Hexanol
Heptanol",A137N,af
0.6,A137N_tracesfeature_odorafcondition_2SECAFODORONSET,Hexanol,Heptanol,"Hexanol
Heptanol",A137N,af
0.6,A137N_tracesfeature_odorafcondition_2SECAFODORONSET,Hexanol,Heptanol,"Hexanol
Heptanol",A137N,af
0.7,A137N_tracesfeature_odorafcondition_2SECAFODORONSET,Hexanol,Heptanol,"Hexanol
Heptanol",A137N,af
0.5,A137N_tracesfeature_odorafcondition_2SECAFODORONSET,Hexanol,Heptanol,"Hexanol
Heptanol",A137N,af
0.8,A137N_tracesfeature_odorafcondition_2SECAFODORONSET,Hexanol,Heptanol,"Hexanol
Heptanol",A137N,af
0.8,A137N_tracesfeature_odorafcondition_2SECAFODORONSET,Hexanol,Octanol,"Hexanol
Octanol",A137N,af
0.9,A137N_tracesfeature_odorafcondition_2SECAFODORONSET,Hexanol,Octanol,"Hexanol
Octanol",A137N,af
0.8,A137N_tracesfeature_odorafcondition_2SECAFODORONSET,Hexanol,Octanol,"Hexanol
Octanol",A137N,af
0.8,A137N_tracesfeature_odorafcondition_2SECAFODORONSET,Hexanol,Octanol,"Hexanol
Octanol",A137N,af
0.7,A137N_tracesfeature_odorafcondition_2SECAFODORONSET,Hexanol,Octanol,"Hexanol
Octanol",A137N,af
0.8,A137N_tracesfeature_odorafcondition_2SECAFODORONSET,Hexanol,Octanol,"Hexanol
Octanol",A137N,af
0.6,A137N_tracesfeature_odorafcondition_2SECAFODORONSET,Hexanol,Octanol,"Hexanol
Octanol",A137N,af
0.8,A137N_tracesfeature_odorafcondition_2SECAFODORONSET,Hexanol,Octanol,"Hexanol
Octanol",A137N,af
0.8,A137N_tracesfeature_odorafcondition_2SECAFODORONSET,Hexanol,Octanol,"Hexanol
Octanol",A137N,af
0.8,A137N_tracesfeature_odorafcondition_2SECAFODORONSET,Hexanol,Octanol,"Hexanol
Octanol",A137N,af
0.8,A137N_tracesfeature_odorafcondition_2SECAFODORONSET,Heptanol,Octanol,"Heptanol
Octanol",A137N,af
0.8,A137N_tracesfeature_odorafcondition_2SECAFODORONSET,Heptanol,Octanol,"Heptanol
Octanol",A137N,af
0.6,A137N_tracesfeature_odorafcondition_2SECAFODORONSET,Heptanol,Octanol,"Heptanol
Octanol",A137N,af
0.8,A137N_tracesfeature_odorafcondition_2SECAFODORONSET,Heptanol,Octanol,"Heptanol
Octanol",A137N,af
0.8,A137N_tracesfeature_odorafcondition_2SECAFODORONSET,Heptanol,Octanol,"Heptanol
Octanol",A137N,af
0.8,A137N_tracesfeature_odorafcondition_2SECAFODORONSET,Heptanol,Octanol,"Heptanol
Octanol",A137N,af
0.8,A137N_tracesfeature_odorafcondition_2SECAFODORONSET,Heptanol,Octanol,"Heptanol
Octanol",A137N,af
0.8,A137N_tracesfeature_odorafcondition_2SECAFODORONSET,Heptanol,Octanol,"Heptanol
Octanol",A137N,af
0.7,A137N_tracesfeature_odorafcondition_2SECAFODORONSET,Heptanol,Octanol,"Heptanol
Octanol",A137N,af
0.8,A137N_tracesfeature_odorafcondition_2SECAFODORONSET,Heptanol,Octanol,"Heptanol
Octanol",A137N,af
0.5,A137N_tracesfeature_odorbfcondition_2SECAFODORONSET,Pentanol,Hexanol,"Pentanol
Hexanol",A137N,bf
0.2,A137N_tracesfeature_odorbfcondition_2SECAFODORONSET,Pentanol,Hexanol,"Pentanol
Hexanol",A137N,bf
0.4,A137N_tracesfeature_odorbfcondition_2SECAFODORONSET,Pentanol,Hexanol,"Pentanol
Hexanol",A137N,bf
0.4,A137N_tracesfeature_odorbfcondition_2SECAFODORONSET,Pentanol,Hexanol,"Pentanol
Hexanol",A137N,bf
0.7,A137N_tracesfeature_odorbfcondition_2SECAFODORONSET,Pentanol,Hexanol,"Pentanol
Hexanol",A137N,bf
0.7,A137N_tracesfeature_odorbfcondition_2SECAFODORONSET,Pentanol,Hexanol,"Pentanol
Hexanol",A137N,bf
0.7,A137N_tracesfeature_odorbfcondition_2SECAFODORONSET,Pentanol,Hexanol,"Pentanol
Hexanol",A137N,bf
0.6,A137N_tracesfeature_odorbfcondition_2SECAFODORONSET,Pentanol,Hexanol,"Pentanol
Hexanol",A137N,bf
0.5,A137N_tracesfeature_odorbfcondition_2SECAFODORONSET,Pentanol,Hexanol,"Pentanol
Hexanol",A137N,bf
0.7,A137N_tracesfeature_odorbfcondition_2SECAFODORONSET,Pentanol,Hexanol,"Pentanol
Hexanol",A137N,bf
0.7,A137N_tracesfeature_odorbfcondition_2SECAFODORONSET,Pentanol,Heptanol,"Pentanol
Heptanol",A137N,bf
0.5,A137N_tracesfeature_odorbfcondition_2SECAFODORONSET,Pentanol,Heptanol,"Pentanol
Heptanol",A137N,bf
0.5,A137N_tracesfeature_odorbfcondition_2SECAFODORONSET,Pentanol,Heptanol,"Pentanol
Heptanol",A137N,bf
0.8,A137N_tracesfeature_odorbfcondition_2SECAFODORONSET,Pentanol,Heptanol,"Pentanol
Heptanol",A137N,bf
0.7,A137N_tracesfeature_odorbfcondition_2SECAFODORONSET,Pentanol,Heptanol,"Pentanol
Heptanol",A137N,bf
0.5,A137N_tracesfeature_odorbfcondition_2SECAFODORONSET,Pentanol,Heptanol,"Pentanol
Heptanol",A137N,bf
0.7,A137N_tracesfeature_odorbfcondition_2SECAFODORONSET,Pentanol,Heptanol,"Pentanol
Heptanol",A137N,bf
0.6,A137N_tracesfeature_odorbfcondition_2SECAFODORONSET,Pentanol,Heptanol,"Pentanol
Heptanol",A137N,bf
0.7,A137N_tracesfeature_odorbfcondition_2SECAFODORONSET,Pentanol,Heptanol,"Pentanol
Heptanol",A137N,bf
0.6,A137N_tracesfeature_odorbfcondition_2SECAFODORONSET,Pentanol,Heptanol,"Pentanol
Heptanol",A137N,bf
0.5,A137N_tracesfeature_odorbfcondition_2SECAFODORONSET,Pentanol,Octanol,"Pentanol
Octanol",A137N,bf
0.6,A137N_tracesfeature_odorbfcondition_2SECAFODORONSET,Pentanol,Octanol,"Pentanol
Octanol",A137N,bf
0.8,A137N_tracesfeature_odorbfcondition_2SECAFODORONSET,Pentanol,Octanol,"Pentanol
Octanol",A137N,bf
0.5,A137N_tracesfeature_odorbfcondition_2SECAFODORONSET,Pentanol,Octanol,"Pentanol
Octanol",A137N,bf
0.7,A137N_tracesfeature_odorbfcondition_2SECAFODORONSET,Pentanol,Octanol,"Pentanol
Octanol",A137N,bf
0.4,A137N_tracesfeature_odorbfcondition_2SECAFODORONSET,Pentanol,Octanol,"Pentanol
Octanol",A137N,bf
0.7,A137N_tracesfeature_odorbfcondition_2SECAFODORONSET,Pentanol,Octanol,"Pentanol
Octanol",A137N,bf
0.6,A137N_tracesfeature_odorbfcondition_2SECAFODORONSET,Pentanol,Octanol,"Pentanol
Octanol",A137N,bf
0.6,A137N_tracesfeature_odorbfcondition_2SECAFODORONSET,Pentanol,Octanol,"Pentanol
Octanol",A137N,bf
0.6,A137N_tracesfeature_odorbfcondition_2SECAFODORONSET,Pentanol,Octanol,"Pentanol
Octanol",A137N,bf
0.5,A137N_tracesfeature_odorbfcondition_2SECAFODORONSET,Hexanol,Heptanol,"Hexanol
Heptanol",A137N,bf
0.7,A137N_tracesfeature_odorbfcondition_2SECAFODORONSET,Hexanol,Heptanol,"Hexanol
Heptanol",A137N,bf
0.8,A137N_tracesfeature_odorbfcondition_2SECAFODORONSET,Hexanol,Heptanol,"Hexanol
Heptanol",A137N,bf
0.4,A137N_tracesfeature_odorbfcondition_2SECAFODORONSET,Hexanol,Heptanol,"Hexanol
Heptanol",A137N,bf
0.6,A137N_tracesfeature_odorbfcondition_2SECAFODORONSET,Hexanol,Heptanol,"Hexanol
Heptanol",A137N,bf
0.6,A137N_tracesfeature_odorbfcondition_2SECAFODORONSET,Hexanol,Heptanol,"Hexanol
Heptanol",A137N,bf
0.6,A137N_tracesfeature_odorbfcondition_2SECAFODORONSET,Hexanol,Heptanol,"Hexanol
Heptanol",A137N,bf
0.5,A137N_tracesfeature_odorbfcondition_2SECAFODORONSET,Hexanol,Heptanol,"Hexanol
Heptanol",A137N,bf
0.7,A137N_tracesfeature_odorbfcondition_2SECAFODORONSET,Hexanol,Heptanol,"Hexanol
Heptanol",A137N,bf
0.6,A137N_tracesfeature_odorbfcondition_2SECAFODORONSET,Hexanol,Heptanol,"Hexanol
Heptanol",A137N,bf
0.4,A137N_tracesfeature_odorbfcondition_2SECAFODORONSET,Hexanol,Octanol,"Hexanol
Octanol",A137N,bf
0.5,A137N_tracesfeature_odorbfcondition_2SECAFODORONSET,Hexanol,Octanol,"Hexanol
Octanol",A137N,bf
0.5,A137N_tracesfeature_odorbfcondition_2SECAFODORONSET,Hexanol,Octanol,"Hexanol
Octanol",A137N,bf
0.3,A137N_tracesfeature_odorbfcondition_2SECAFODORONSET,Hexanol,Octanol,"Hexanol
Octanol",A137N,bf
0.4,A137N_tracesfeature_odorbfcondition_2SECAFODORONSET,Hexanol,Octanol,"Hexanol
Octanol",A137N,bf
0.6,A137N_tracesfeature_odorbfcondition_2SECAFODORONSET,Hexanol,Octanol,"Hexanol
Octanol",A137N,bf
0.5,A137N_tracesfeature_odorbfcondition_2SECAFODORONSET,Hexanol,Octanol,"Hexanol
Octanol",A137N,bf
0.5,A137N_tracesfeature_odorbfcondition_2SECAFODORONSET,Hexanol,Octanol,"Hexanol
Octanol",A137N,bf
0.5,A137N_tracesfeature_odorbfcondition_2SECAFODORONSET,Hexanol,Octanol,"Hexanol
Octanol",A137N,bf
0.4,A137N_tracesfeature_odorbfcondition_2SECAFODORONSET,Hexanol,Octanol,"Hexanol
Octanol",A137N,bf
0.8,A137N_tracesfeature_odorbfcondition_2SECAFODORONSET,Heptanol,Octanol,"Heptanol
Octanol",A137N,bf
0.7,A137N_tracesfeature_odorbfcondition_2SECAFODORONSET,Heptanol,Octanol,"Heptanol
Octanol",A137N,bf
0.9,A137N_tracesfeature_odorbfcondition_2SECAFODORONSET,Heptanol,Octanol,"Heptanol
Octanol",A137N,bf
0.7,A137N_tracesfeature_odorbfcondition_2SECAFODORONSET,Heptanol,Octanol,"Heptanol
Octanol",A137N,bf
0.6,A137N_tracesfeature_odorbfcondition_2SECAFODORONSET,Heptanol,Octanol,"Heptanol
Octanol",A137N,bf
0.7,A137N_tracesfeature_odorbfcondition_2SECAFODORONSET,Heptanol,Octanol,"Heptanol
Octanol",A137N,bf
0.6,A137N_tracesfeature_odorbfcondition_2SECAFODORONSET,Heptanol,Octanol,"Heptanol
Octanol",A137N,bf
0.5,A137N_tracesfeature_odorbfcondition_2SECAFODORONSET,Heptanol,Octanol,"Heptanol
Octanol",A137N,bf
0.5,A137N_tracesfeature_odorbfcondition_2SECAFODORONSET,Heptanol,Octanol,"Heptanol
Octanol",A137N,bf
0.6,A137N_tracesfeature_odorbfcondition_2SECAFODORONSET,Heptanol,Octanol,"Heptanol
Octanol",A137N,bf
0.9,A66Nt_tracesfeature_odorafcondition_2SECAFODORONSET,Pentanol,Hexanol,"Pentanol
Hexanol",A66Nt,af
0.8,A66Nt_tracesfeature_odorafcondition_2SECAFODORONSET,Pentanol,Hexanol,"Pentanol
Hexanol",A66Nt,af
0.8,A66Nt_tracesfeature_odorafcondition_2SECAFODORONSET,Pentanol,Hexanol,"Pentanol
Hexanol",A66Nt,af
0.7,A66Nt_tracesfeature_odorafcondition_2SECAFODORONSET,Pentanol,Hexanol,"Pentanol
Hexanol",A66Nt,af
0.8,A66Nt_tracesfeature_odorafcondition_2SECAFODORONSET,Pentanol,Hexanol,"Pentanol
Hexanol",A66Nt,af
0.8,A66Nt_tracesfeature_odorafcondition_2SECAFODORONSET,Pentanol,Hexanol,"Pentanol
Hexanol",A66Nt,af
0.8,A66Nt_tracesfeature_odorafcondition_2SECAFODORONSET,Pentanol,Hexanol,"Pentanol
Hexanol",A66Nt,af
0.8,A66Nt_tracesfeature_odorafcondition_2SECAFODORONSET,Pentanol,Hexanol,"Pentanol
Hexanol",A66Nt,af
0.8,A66Nt_tracesfeature_odorafcondition_2SECAFODORONSET,Pentanol,Hexanol,"Pentanol
Hexanol",A66Nt,af
0.9,A66Nt_tracesfeature_odorafcondition_2SECAFODORONSET,Pentanol,Hexanol,"Pentanol
Hexanol",A66Nt,af
0.9,A66Nt_tracesfeature_odorafcondition_2SECAFODORONSET,Pentanol,Heptanol,"Pentanol
Heptanol",A66Nt,af
0.9,A66Nt_tracesfeature_odorafcondition_2SECAFODORONSET,Pentanol,Heptanol,"Pentanol
Heptanol",A66Nt,af
1.0,A66Nt_tracesfeature_odorafcondition_2SECAFODORONSET,Pentanol,Heptanol,"Pentanol
Heptanol",A66Nt,af
0.6,A66Nt_tracesfeature_odorafcondition_2SECAFODORONSET,Pentanol,Heptanol,"Pentanol
Heptanol",A66Nt,af
0.9,A66Nt_tracesfeature_odorafcondition_2SECAFODORONSET,Pentanol,Heptanol,"Pentanol
Heptanol",A66Nt,af
0.9,A66Nt_tracesfeature_odorafcondition_2SECAFODORONSET,Pentanol,Heptanol,"Pentanol
Heptanol",A66Nt,af
1.0,A66Nt_tracesfeature_odorafcondition_2SECAFODORONSET,Pentanol,Heptanol,"Pentanol
Heptanol",A66Nt,af
0.8,A66Nt_tracesfeature_odorafcondition_2SECAFODORONSET,Pentanol,Heptanol,"Pentanol
Heptanol",A66Nt,af
0.7,A66Nt_tracesfeature_odorafcondition_2SECAFODORONSET,Pentanol,Heptanol,"Pentanol
Heptanol",A66Nt,af
0.7,A66Nt_tracesfeature_odorafcondition_2SECAFODORONSET,Pentanol,Heptanol,"Pentanol
Heptanol",A66Nt,af
0.7,A66Nt_tracesfeature_odorafcondition_2SECAFODORONSET,Pentanol,Octanol,"Pentanol
Octanol",A66Nt,af
0.7,A66Nt_tracesfeature_odorafcondition_2SECAFODORONSET,Pentanol,Octanol,"Pentanol
Octanol",A66Nt,af
0.7,A66Nt_tracesfeature_odorafcondition_2SECAFODORONSET,Pentanol,Octanol,"Pentanol
Octanol",A66Nt,af
0.6,A66Nt_tracesfeature_odorafcondition_2SECAFODORONSET,Pentanol,Octanol,"Pentanol
Octanol",A66Nt,af
0.7,A66Nt_tracesfeature_odorafcondition_2SECAFODORONSET,Pentanol,Octanol,"Pentanol
Octanol",A66Nt,af
0.6,A66Nt_tracesfeature_odorafcondition_2SECAFODORONSET,Pentanol,Octanol,"Pentanol
Octanol",A66Nt,af
0.4,A66Nt_tracesfeature_odorafcondition_2SECAFODORONSET,Pentanol,Octanol,"Pentanol
Octanol",A66Nt,af
0.4,A66Nt_tracesfeature_odorafcondition_2SECAFODORONSET,Pentanol,Octanol,"Pentanol
Octanol",A66Nt,af
0.6,A66Nt_tracesfeature_odorafcondition_2SECAFODORONSET,Pentanol,Octanol,"Pentanol
Octanol",A66Nt,af
0.4,A66Nt_tracesfeature_odorafcondition_2SECAFODORONSET,Pentanol,Octanol,"Pentanol
Octanol",A66Nt,af
0.7,A66Nt_tracesfeature_odorafcondition_2SECAFODORONSET,Hexanol,Heptanol,"Hexanol
Heptanol",A66Nt,af
0.8,A66Nt_tracesfeature_odorafcondition_2SECAFODORONSET,Hexanol,Heptanol,"Hexanol
Heptanol",A66Nt,af
0.8,A66Nt_tracesfeature_odorafcondition_2SECAFODORONSET,Hexanol,Heptanol,"Hexanol
Heptanol",A66Nt,af
0.9,A66Nt_tracesfeature_odorafcondition_2SECAFODORONSET,Hexanol,Heptanol,"Hexanol
Heptanol",A66Nt,af
0.8,A66Nt_tracesfeature_odorafcondition_2SECAFODORONSET,Hexanol,Heptanol,"Hexanol
Heptanol",A66Nt,af
0.7,A66Nt_tracesfeature_odorafcondition_2SECAFODORONSET,Hexanol,Heptanol,"Hexanol
Heptanol",A66Nt,af
0.8,A66Nt_tracesfeature_odorafcondition_2SECAFODORONSET,Hexanol,Heptanol,"Hexanol
Heptanol",A66Nt,af
0.8,A66Nt_tracesfeature_odorafcondition_2SECAFODORONSET,Hexanol,Heptanol,"Hexanol
Heptanol",A66Nt,af
0.7,A66Nt_tracesfeature_odorafcondition_2SECAFODORONSET,Hexanol,Heptanol,"Hexanol
Heptanol",A66Nt,af
0.6,A66Nt_tracesfeature_odorafcondition_2SECAFODORONSET,Hexanol,Heptanol,"Hexanol
Heptanol",A66Nt,af
0.9,A66Nt_tracesfeature_odorafcondition_2SECAFODORONSET,Hexanol,Octanol,"Hexanol
Octanol",A66Nt,af
0.8,A66Nt_tracesfeature_odorafcondition_2SECAFODORONSET,Hexanol,Octanol,"Hexanol
Octanol",A66Nt,af
1.0,A66Nt_tracesfeature_odorafcondition_2SECAFODORONSET,Hexanol,Octanol,"Hexanol
Octanol",A66Nt,af
0.8,A66Nt_tracesfeature_odorafcondition_2SECAFODORONSET,Hexanol,Octanol,"Hexanol
Octanol",A66Nt,af
1.0,A66Nt_tracesfeature_odorafcondition_2SECAFODORONSET,Hexanol,Octanol,"Hexanol
Octanol",A66Nt,af
0.9,A66Nt_tracesfeature_odorafcondition_2SECAFODORONSET,Hexanol,Octanol,"Hexanol
Octanol",A66Nt,af
0.8,A66Nt_tracesfeature_odorafcondition_2SECAFODORONSET,Hexanol,Octanol,"Hexanol
Octanol",A66Nt,af
0.8,A66Nt_tracesfeature_odorafcondition_2SECAFODORONSET,Hexanol,Octanol,"Hexanol
Octanol",A66Nt,af
0.6,A66Nt_tracesfeature_odorafcondition_2SECAFODORONSET,Hexanol,Octanol,"Hexanol
Octanol",A66Nt,af
0.7,A66Nt_tracesfeature_odorafcondition_2SECAFODORONSET,Hexanol,Octanol,"Hexanol
Octanol",A66Nt,af
0.5,A66Nt_tracesfeature_odorafcondition_2SECAFODORONSET,Heptanol,Octanol,"Heptanol
Octanol",A66Nt,af
0.8,A66Nt_tracesfeature_odorafcondition_2SECAFODORONSET,Heptanol,Octanol,"Heptanol
Octanol",A66Nt,af
0.7,A66Nt_tracesfeature_odorafcondition_2SECAFODORONSET,Heptanol,Octanol,"Heptanol
Octanol",A66Nt,af
0.4,A66Nt_tracesfeature_odorafcondition_2SECAFODORONSET,Heptanol,Octanol,"Heptanol
Octanol",A66Nt,af
0.7,A66Nt_tracesfeature_odorafcondition_2SECAFODORONSET,Heptanol,Octanol,"Heptanol
Octanol",A66Nt,af
0.7,A66Nt_tracesfeature_odorafcondition_2SECAFODORONSET,Heptanol,Octanol,"Heptanol
Octanol",A66Nt,af
0.4,A66Nt_tracesfeature_odorafcondition_2SECAFODORONSET,Heptanol,Octanol,"Heptanol
Octanol",A66Nt,af
0.7,A66Nt_tracesfeature_odorafcondition_2SECAFODORONSET,Heptanol,Octanol,"Heptanol
Octanol",A66Nt,af
0.6,A66Nt_tracesfeature_odorafcondition_2SECAFODORONSET,Heptanol,Octanol,"Heptanol
Octanol",A66Nt,af
0.7,A66Nt_tracesfeature_odorafcondition_2SECAFODORONSET,Heptanol,Octanol,"Heptanol
Octanol",A66Nt,af
0.6,A66Nt_tracesfeature_odorbfcondition_2SECAFODORONSET,Pentanol,Hexanol,"Pentanol
Hexanol",A66Nt,bf
0.5,A66Nt_tracesfeature_odorbfcondition_2SECAFODORONSET,Pentanol,Hexanol,"Pentanol
Hexanol",A66Nt,bf
0.7,A66Nt_tracesfeature_odorbfcondition_2SECAFODORONSET,Pentanol,Hexanol,"Pentanol
Hexanol",A66Nt,bf
0.5,A66Nt_tracesfeature_odorbfcondition_2SECAFODORONSET,Pentanol,Hexanol,"Pentanol
Hexanol",A66Nt,bf
0.5,A66Nt_tracesfeature_odorbfcondition_2SECAFODORONSET,Pentanol,Hexanol,"Pentanol
Hexanol",A66Nt,bf
0.5,A66Nt_tracesfeature_odorbfcondition_2SECAFODORONSET,Pentanol,Hexanol,"Pentanol
Hexanol",A66Nt,bf
0.4,A66Nt_tracesfeature_odorbfcondition_2SECAFODORONSET,Pentanol,Hexanol,"Pentanol
Hexanol",A66Nt,bf
0.5,A66Nt_tracesfeature_odorbfcondition_2SECAFODORONSET,Pentanol,Hexanol,"Pentanol
Hexanol",A66Nt,bf
0.5,A66Nt_tracesfeature_odorbfcondition_2SECAFODORONSET,Pentanol,Hexanol,"Pentanol
Hexanol",A66Nt,bf
0.5,A66Nt_tracesfeature_odorbfcondition_2SECAFODORONSET,Pentanol,Hexanol,"Pentanol
Hexanol",A66Nt,bf
0.8,A66Nt_tracesfeature_odorbfcondition_2SECAFODORONSET,Pentanol,Heptanol,"Pentanol
Heptanol",A66Nt,bf
0.8,A66Nt_tracesfeature_odorbfcondition_2SECAFODORONSET,Pentanol,Heptanol,"Pentanol
Heptanol",A66Nt,bf
0.7,A66Nt_tracesfeature_odorbfcondition_2SECAFODORONSET,Pentanol,Heptanol,"Pentanol
Heptanol",A66Nt,bf
0.8,A66Nt_tracesfeature_odorbfcondition_2SECAFODORONSET,Pentanol,Heptanol,"Pentanol
Heptanol",A66Nt,bf
0.7,A66Nt_tracesfeature_odorbfcondition_2SECAFODORONSET,Pentanol,Heptanol,"Pentanol
Heptanol",A66Nt,bf
0.8,A66Nt_tracesfeature_odorbfcondition_2SECAFODORONSET,Pentanol,Heptanol,"Pentanol
Heptanol",A66Nt,bf
0.8,A66Nt_tracesfeature_odorbfcondition_2SECAFODORONSET,Pentanol,Heptanol,"Pentanol
Heptanol",A66Nt,bf
0.7,A66Nt_tracesfeature_odorbfcondition_2SECAFODORONSET,Pentanol,Heptanol,"Pentanol
Heptanol",A66Nt,bf
0.8,A66Nt_tracesfeature_odorbfcondition_2SECAFODORONSET,Pentanol,Heptanol,"Pentanol
Heptanol",A66Nt,bf
0.7,A66Nt_tracesfeature_odorbfcondition_2SECAFODORONSET,Pentanol,Heptanol,"Pentanol
Heptanol",A66Nt,bf
0.8,A66Nt_tracesfeature_odorbfcondition_2SECAFODORONSET,Pentanol,Octanol,"Pentanol
Octanol",A66Nt,bf
0.8,A66Nt_tracesfeature_odorbfcondition_2SECAFODORONSET,Pentanol,Octanol,"Pentanol
Octanol",A66Nt,bf
0.5,A66Nt_tracesfeature_odorbfcondition_2SECAFODORONSET,Pentanol,Octanol,"Pentanol
Octanol",A66Nt,bf
0.5,A66Nt_tracesfeature_odorbfcondition_2SECAFODORONSET,Pentanol,Octanol,"Pentanol
Octanol",A66Nt,bf
0.6,A66Nt_tracesfeature_odorbfcondition_2SECAFODORONSET,Pentanol,Octanol,"Pentanol
Octanol",A66Nt,bf
0.4,A66Nt_tracesfeature_odorbfcondition_2SECAFODORONSET,Pentanol,Octanol,"Pentanol
Octanol",A66Nt,bf
0.2,A66Nt_tracesfeature_odorbfcondition_2SECAFODORONSET,Pentanol,Octanol,"Pentanol
Octanol",A66Nt,bf
0.6,A66Nt_tracesfeature_odorbfcondition_2SECAFODORONSET,Pentanol,Octanol,"Pentanol
Octanol",A66Nt,bf
0.5,A66Nt_tracesfeature_odorbfcondition_2SECAFODORONSET,Pentanol,Octanol,"Pentanol
Octanol",A66Nt,bf
0.5,A66Nt_tracesfeature_odorbfcondition_2SECAFODORONSET,Pentanol,Octanol,"Pentanol
Octanol",A66Nt,bf
0.8,A66Nt_tracesfeature_odorbfcondition_2SECAFODORONSET,Hexanol,Heptanol,"Hexanol
Heptanol",A66Nt,bf
0.9,A66Nt_tracesfeature_odorbfcondition_2SECAFODORONSET,Hexanol,Heptanol,"Hexanol
Heptanol",A66Nt,bf
0.6,A66Nt_tracesfeature_odorbfcondition_2SECAFODORONSET,Hexanol,Heptanol,"Hexanol
Heptanol",A66Nt,bf
0.9,A66Nt_tracesfeature_odorbfcondition_2SECAFODORONSET,Hexanol,Heptanol,"Hexanol
Heptanol",A66Nt,bf
0.9,A66Nt_tracesfeature_odorbfcondition_2SECAFODORONSET,Hexanol,Heptanol,"Hexanol
Heptanol",A66Nt,bf
0.8,A66Nt_tracesfeature_odorbfcondition_2SECAFODORONSET,Hexanol,Heptanol,"Hexanol
Heptanol",A66Nt,bf
0.7,A66Nt_tracesfeature_odorbfcondition_2SECAFODORONSET,Hexanol,Heptanol,"Hexanol
Heptanol",A66Nt,bf
0.5,A66Nt_tracesfeature_odorbfcondition_2SECAFODORONSET,Hexanol,Heptanol,"Hexanol
Heptanol",A66Nt,bf
0.7,A66Nt_tracesfeature_odorbfcondition_2SECAFODORONSET,Hexanol,Heptanol,"Hexanol
Heptanol",A66Nt,bf
0.9,A66Nt_tracesfeature_odorbfcondition_2SECAFODORONSET,Hexanol,Heptanol,"Hexanol
Heptanol",A66Nt,bf
0.4,A66Nt_tracesfeature_odorbfcondition_2SECAFODORONSET,Hexanol,Octanol,"Hexanol
Octanol",A66Nt,bf
0.6,A66Nt_tracesfeature_odorbfcondition_2SECAFODORONSET,Hexanol,Octanol,"Hexanol
Octanol",A66Nt,bf
0.5,A66Nt_tracesfeature_odorbfcondition_2SECAFODORONSET,Hexanol,Octanol,"Hexanol
Octanol",A66Nt,bf
0.6,A66Nt_tracesfeature_odorbfcondition_2SECAFODORONSET,Hexanol,Octanol,"Hexanol
Octanol",A66Nt,bf
0.6,A66Nt_tracesfeature_odorbfcondition_2SECAFODORONSET,Hexanol,Octanol,"Hexanol
Octanol",A66Nt,bf
0.5,A66Nt_tracesfeature_odorbfcondition_2SECAFODORONSET,Hexanol,Octanol,"Hexanol
Octanol",A66Nt,bf
0.2,A66Nt_tracesfeature_odorbfcondition_2SECAFODORONSET,Hexanol,Octanol,"Hexanol
Octanol",A66Nt,bf
0.6,A66Nt_tracesfeature_odorbfcondition_2SECAFODORONSET,Hexanol,Octanol,"Hexanol
Octanol",A66Nt,bf
0.6,A66Nt_tracesfeature_odorbfcondition_2SECAFODORONSET,Hexanol,Octanol,"Hexanol
Octanol",A66Nt,bf
0.6,A66Nt_tracesfeature_odorbfcondition_2SECAFODORONSET,Hexanol,Octanol,"Hexanol
Octanol",A66Nt,bf
0.7,A66Nt_tracesfeature_odorbfcondition_2SECAFODORONSET,Heptanol,Octanol,"Heptanol
Octanol",A66Nt,bf
0.9,A66Nt_tracesfeature_odorbfcondition_2SECAFODORONSET,Heptanol,Octanol,"Heptanol
Octanol",A66Nt,bf
0.6,A66Nt_tracesfeature_odorbfcondition_2SECAFODORONSET,Heptanol,Octanol,"Heptanol
Octanol",A66Nt,bf
0.8,A66Nt_tracesfeature_odorbfcondition_2SECAFODORONSET,Heptanol,Octanol,"Heptanol
Octanol",A66Nt,bf
0.5,A66Nt_tracesfeature_odorbfcondition_2SECAFODORONSET,Heptanol,Octanol,"Heptanol
Octanol",A66Nt,bf
0.9,A66Nt_tracesfeature_odorbfcondition_2SECAFODORONSET,Heptanol,Octanol,"Heptanol
Octanol",A66Nt,bf
0.7,A66Nt_tracesfeature_odorbfcondition_2SECAFODORONSET,Heptanol,Octanol,"Heptanol
Octanol",A66Nt,bf
0.9,A66Nt_tracesfeature_odorbfcondition_2SECAFODORONSET,Heptanol,Octanol,"Heptanol
Octanol",A66Nt,bf
0.7,A66Nt_tracesfeature_odorbfcondition_2SECAFODORONSET,Heptanol,Octanol,"Heptanol
Octanol",A66Nt,bf
0.9,A66Nt_tracesfeature_odorbfcondition_2SECAFODORONSET,Heptanol,Octanol,"Heptanol
Octanol",A66Nt,bf
1.0,A75L1_tracesfeature_odorafcondition_2SECAFODORONSET,Pentanol,Hexanol,"Pentanol
Hexanol",A75L1,af
0.9,A75L1_tracesfeature_odorafcondition_2SECAFODORONSET,Pentanol,Hexanol,"Pentanol
Hexanol",A75L1,af
0.9,A75L1_tracesfeature_odorafcondition_2SECAFODORONSET,Pentanol,Hexanol,"Pentanol
Hexanol",A75L1,af
0.9,A75L1_tracesfeature_odorafcondition_2SECAFODORONSET,Pentanol,Hexanol,"Pentanol
Hexanol",A75L1,af
1.0,A75L1_tracesfeature_odorafcondition_2SECAFODORONSET,Pentanol,Hexanol,"Pentanol
Hexanol",A75L1,af
0.9,A75L1_tracesfeature_odorafcondition_2SECAFODORONSET,Pentanol,Hexanol,"Pentanol
Hexanol",A75L1,af
0.7,A75L1_tracesfeature_odorafcondition_2SECAFODORONSET,Pentanol,Hexanol,"Pentanol
Hexanol",A75L1,af
0.9,A75L1_tracesfeature_odorafcondition_2SECAFODORONSET,Pentanol,Hexanol,"Pentanol
Hexanol",A75L1,af
1.0,A75L1_tracesfeature_odorafcondition_2SECAFODORONSET,Pentanol,Hexanol,"Pentanol
Hexanol",A75L1,af
0.7,A75L1_tracesfeature_odorafcondition_2SECAFODORONSET,Pentanol,Hexanol,"Pentanol
Hexanol",A75L1,af
0.7,A75L1_tracesfeature_odorafcondition_2SECAFODORONSET,Pentanol,Heptanol,"Pentanol
Heptanol",A75L1,af
0.6,A75L1_tracesfeature_odorafcondition_2SECAFODORONSET,Pentanol,Heptanol,"Pentanol
Heptanol",A75L1,af
0.6,A75L1_tracesfeature_odorafcondition_2SECAFODORONSET,Pentanol,Heptanol,"Pentanol
Heptanol",A75L1,af
0.4,A75L1_tracesfeature_odorafcondition_2SECAFODORONSET,Pentanol,Heptanol,"Pentanol
Heptanol",A75L1,af
0.8,A75L1_tracesfeature_odorafcondition_2SECAFODORONSET,Pentanol,Heptanol,"Pentanol
Heptanol",A75L1,af
0.8,A75L1_tracesfeature_odorafcondition_2SECAFODORONSET,Pentanol,Heptanol,"Pentanol
Heptanol",A75L1,af
0.8,A75L1_tracesfeature_odorafcondition_2SECAFODORONSET,Pentanol,Heptanol,"Pentanol
Heptanol",A75L1,af
0.7,A75L1_tracesfeature_odorafcondition_2SECAFODORONSET,Pentanol,Heptanol,"Pentanol
Heptanol",A75L1,af
0.6,A75L1_tracesfeature_odorafcondition_2SECAFODORONSET,Pentanol,Heptanol,"Pentanol
Heptanol",A75L1,af
0.7,A75L1_tracesfeature_odorafcondition_2SECAFODORONSET,Pentanol,Heptanol,"Pentanol
Heptanol",A75L1,af
0.9,A75L1_tracesfeature_odorafcondition_2SECAFODORONSET,Pentanol,Octanol,"Pentanol
Octanol",A75L1,af
0.6,A75L1_tracesfeature_odorafcondition_2SECAFODORONSET,Pentanol,Octanol,"Pentanol
Octanol",A75L1,af
0.6,A75L1_tracesfeature_odorafcondition_2SECAFODORONSET,Pentanol,Octanol,"Pentanol
Octanol",A75L1,af
0.6,A75L1_tracesfeature_odorafcondition_2SECAFODORONSET,Pentanol,Octanol,"Pentanol
Octanol",A75L1,af
0.6,A75L1_tracesfeature_odorafcondition_2SECAFODORONSET,Pentanol,Octanol,"Pentanol
Octanol",A75L1,af
0.8,A75L1_tracesfeature_odorafcondition_2SECAFODORONSET,Pentanol,Octanol,"Pentanol
Octanol",A75L1,af
0.6,A75L1_tracesfeature_odorafcondition_2SECAFODORONSET,Pentanol,Octanol,"Pentanol
Octanol",A75L1,af
0.7,A75L1_tracesfeature_odorafcondition_2SECAFODORONSET,Pentanol,Octanol,"Pentanol
Octanol",A75L1,af
0.7,A75L1_tracesfeature_odorafcondition_2SECAFODORONSET,Pentanol,Octanol,"Pentanol
Octanol",A75L1,af
0.6,A75L1_tracesfeature_odorafcondition_2SECAFODORONSET,Pentanol,Octanol,"Pentanol
Octanol",A75L1,af
0.6,A75L1_tracesfeature_odorafcondition_2SECAFODORONSET,Hexanol,Heptanol,"Hexanol
Heptanol",A75L1,af
0.9,A75L1_tracesfeature_odorafcondition_2SECAFODORONSET,Hexanol,Heptanol,"Hexanol
Heptanol",A75L1,af
0.6,A75L1_tracesfeature_odorafcondition_2SECAFODORONSET,Hexanol,Heptanol,"Hexanol
Heptanol",A75L1,af
0.7,A75L1_tracesfeature_odorafcondition_2SECAFODORONSET,Hexanol,Heptanol,"Hexanol
Heptanol",A75L1,af
0.9,A75L1_tracesfeature_odorafcondition_2SECAFODORONSET,Hexanol,Heptanol,"Hexanol
Heptanol",A75L1,af
0.7,A75L1_tracesfeature_odorafcondition_2SECAFODORONSET,Hexanol,Heptanol,"Hexanol
Heptanol",A75L1,af
0.8,A75L1_tracesfeature_odorafcondition_2SECAFODORONSET,Hexanol,Heptanol,"Hexanol
Heptanol",A75L1,af
0.8,A75L1_tracesfeature_odorafcondition_2SECAFODORONSET,Hexanol,Heptanol,"Hexanol
Heptanol",A75L1,af
0.8,A75L1_tracesfeature_odorafcondition_2SECAFODORONSET,Hexanol,Heptanol,"Hexanol
Heptanol",A75L1,af
0.7,A75L1_tracesfeature_odorafcondition_2SECAFODORONSET,Hexanol,Heptanol,"Hexanol
Heptanol",A75L1,af
0.7,A75L1_tracesfeature_odorafcondition_2SECAFODORONSET,Hexanol,Octanol,"Hexanol
Octanol",A75L1,af
1.0,A75L1_tracesfeature_odorafcondition_2SECAFODORONSET,Hexanol,Octanol,"Hexanol
Octanol",A75L1,af
0.7,A75L1_tracesfeature_odorafcondition_2SECAFODORONSET,Hexanol,Octanol,"Hexanol
Octanol",A75L1,af
0.8,A75L1_tracesfeature_odorafcondition_2SECAFODORONSET,Hexanol,Octanol,"Hexanol
Octanol",A75L1,af
0.9,A75L1_tracesfeature_odorafcondition_2SECAFODORONSET,Hexanol,Octanol,"Hexanol
Octanol",A75L1,af
0.9,A75L1_tracesfeature_odorafcondition_2SECAFODORONSET,Hexanol,Octanol,"Hexanol
Octanol",A75L1,af
0.7,A75L1_tracesfeature_odorafcondition_2SECAFODORONSET,Hexanol,Octanol,"Hexanol
Octanol",A75L1,af
0.7,A75L1_tracesfeature_odorafcondition_2SECAFODORONSET,Hexanol,Octanol,"Hexanol
Octanol",A75L1,af
0.8,A75L1_tracesfeature_odorafcondition_2SECAFODORONSET,Hexanol,Octanol,"Hexanol
Octanol",A75L1,af
0.9,A75L1_tracesfeature_odorafcondition_2SECAFODORONSET,Hexanol,Octanol,"Hexanol
Octanol",A75L1,af
0.6,A75L1_tracesfeature_odorafcondition_2SECAFODORONSET,Heptanol,Octanol,"Heptanol
Octanol",A75L1,af
0.5,A75L1_tracesfeature_odorafcondition_2SECAFODORONSET,Heptanol,Octanol,"Heptanol
Octanol",A75L1,af
0.7,A75L1_tracesfeature_odorafcondition_2SECAFODORONSET,Heptanol,Octanol,"Heptanol
Octanol",A75L1,af
0.7,A75L1_tracesfeature_odorafcondition_2SECAFODORONSET,Heptanol,Octanol,"Heptanol
Octanol",A75L1,af
0.7,A75L1_tracesfeature_odorafcondition_2SECAFODORONSET,Heptanol,Octanol,"Heptanol
Octanol",A75L1,af
0.4,A75L1_tracesfeature_odorafcondition_2SECAFODORONSET,Heptanol,Octanol,"Heptanol
Octanol",A75L1,af
0.4,A75L1_tracesfeature_odorafcondition_2SECAFODORONSET,Heptanol,Octanol,"Heptanol
Octanol",A75L1,af
0.4,A75L1_tracesfeature_odorafcondition_2SECAFODORONSET,Heptanol,Octanol,"Heptanol
Octanol",A75L1,af
0.6,A75L1_tracesfeature_odorafcondition_2SECAFODORONSET,Heptanol,Octanol,"Heptanol
Octanol",A75L1,af
0.7,A75L1_tracesfeature_odorafcondition_2SECAFODORONSET,Heptanol,Octanol,"Heptanol
Octanol",A75L1,af
0.5,A75L1_tracesfeature_odorbfcondition_2SECAFODORONSET,Pentanol,Hexanol,"Pentanol
Hexanol",A75L1,bf
0.3,A75L1_tracesfeature_odorbfcondition_2SECAFODORONSET,Pentanol,Hexanol,"Pentanol
Hexanol",A75L1,bf
0.3,A75L1_tracesfeature_odorbfcondition_2SECAFODORONSET,Pentanol,Hexanol,"Pentanol
Hexanol",A75L1,bf
0.3,A75L1_tracesfeature_odorbfcondition_2SECAFODORONSET,Pentanol,Hexanol,"Pentanol
Hexanol",A75L1,bf
0.3,A75L1_tracesfeature_odorbfcondition_2SECAFODORONSET,Pentanol,Hexanol,"Pentanol
Hexanol",A75L1,bf
0.4,A75L1_tracesfeature_odorbfcondition_2SECAFODORONSET,Pentanol,Hexanol,"Pentanol
Hexanol",A75L1,bf
0.6,A75L1_tracesfeature_odorbfcondition_2SECAFODORONSET,Pentanol,Hexanol,"Pentanol
Hexanol",A75L1,bf
0.5,A75L1_tracesfeature_odorbfcondition_2SECAFODORONSET,Pentanol,Hexanol,"Pentanol
Hexanol",A75L1,bf
0.5,A75L1_tracesfeature_odorbfcondition_2SECAFODORONSET,Pentanol,Hexanol,"Pentanol
Hexanol",A75L1,bf
0.5,A75L1_tracesfeature_odorbfcondition_2SECAFODORONSET,Pentanol,Hexanol,"Pentanol
Hexanol",A75L1,bf
0.6,A75L1_tracesfeature_odorbfcondition_2SECAFODORONSET,Pentanol,Heptanol,"Pentanol
Heptanol",A75L1,bf
0.7,A75L1_tracesfeature_odorbfcondition_2SECAFODORONSET,Pentanol,Heptanol,"Pentanol
Heptanol",A75L1,bf
0.4,A75L1_tracesfeature_odorbfcondition_2SECAFODORONSET,Pentanol,Heptanol,"Pentanol
Heptanol",A75L1,bf
0.7,A75L1_tracesfeature_odorbfcondition_2SECAFODORONSET,Pentanol,Heptanol,"Pentanol
Heptanol",A75L1,bf
0.6,A75L1_tracesfeature_odorbfcondition_2SECAFODORONSET,Pentanol,Heptanol,"Pentanol
Heptanol",A75L1,bf
0.4,A75L1_tracesfeature_odorbfcondition_2SECAFODORONSET,Pentanol,Heptanol,"Pentanol
Heptanol",A75L1,bf
0.6,A75L1_tracesfeature_odorbfcondition_2SECAFODORONSET,Pentanol,Heptanol,"Pentanol
Heptanol",A75L1,bf
0.5,A75L1_tracesfeature_odorbfcondition_2SECAFODORONSET,Pentanol,Heptanol,"Pentanol
Heptanol",A75L1,bf
0.4,A75L1_tracesfeature_odorbfcondition_2SECAFODORONSET,Pentanol,Heptanol,"Pentanol
Heptanol",A75L1,bf
0.4,A75L1_tracesfeature_odorbfcondition_2SECAFODORONSET,Pentanol,Heptanol,"Pentanol
Heptanol",A75L1,bf
0.4,A75L1_tracesfeature_odorbfcondition_2SECAFODORONSET,Pentanol,Octanol,"Pentanol
Octanol",A75L1,bf
0.5,A75L1_tracesfeature_odorbfcondition_2SECAFODORONSET,Pentanol,Octanol,"Pentanol
Octanol",A75L1,bf
0.6,A75L1_tracesfeature_odorbfcondition_2SECAFODORONSET,Pentanol,Octanol,"Pentanol
Octanol",A75L1,bf
0.6,A75L1_tracesfeature_odorbfcondition_2SECAFODORONSET,Pentanol,Octanol,"Pentanol
Octanol",A75L1,bf
0.7,A75L1_tracesfeature_odorbfcondition_2SECAFODORONSET,Pentanol,Octanol,"Pentanol
Octanol",A75L1,bf
0.5,A75L1_tracesfeature_odorbfcondition_2SECAFODORONSET,Pentanol,Octanol,"Pentanol
Octanol",A75L1,bf
0.4,A75L1_tracesfeature_odorbfcondition_2SECAFODORONSET,Pentanol,Octanol,"Pentanol
Octanol",A75L1,bf
0.4,A75L1_tracesfeature_odorbfcondition_2SECAFODORONSET,Pentanol,Octanol,"Pentanol
Octanol",A75L1,bf
0.5,A75L1_tracesfeature_odorbfcondition_2SECAFODORONSET,Pentanol,Octanol,"Pentanol
Octanol",A75L1,bf
0.7,A75L1_tracesfeature_odorbfcondition_2SECAFODORONSET,Pentanol,Octanol,"Pentanol
Octanol",A75L1,bf
0.2,A75L1_tracesfeature_odorbfcondition_2SECAFODORONSET,Hexanol,Heptanol,"Hexanol
Heptanol",A75L1,bf
0.2,A75L1_tracesfeature_odorbfcondition_2SECAFODORONSET,Hexanol,Heptanol,"Hexanol
Heptanol",A75L1,bf
0.2,A75L1_tracesfeature_odorbfcondition_2SECAFODORONSET,Hexanol,Heptanol,"Hexanol
Heptanol",A75L1,bf
0.0,A75L1_tracesfeature_odorbfcondition_2SECAFODORONSET,Hexanol,Heptanol,"Hexanol
Heptanol",A75L1,bf
0.5,A75L1_tracesfeature_odorbfcondition_2SECAFODORONSET,Hexanol,Heptanol,"Hexanol
Heptanol",A75L1,bf
0.4,A75L1_tracesfeature_odorbfcondition_2SECAFODORONSET,Hexanol,Heptanol,"Hexanol
Heptanol",A75L1,bf
0.4,A75L1_tracesfeature_odorbfcondition_2SECAFODORONSET,Hexanol,Heptanol,"Hexanol
Heptanol",A75L1,bf
0.6,A75L1_tracesfeature_odorbfcondition_2SECAFODORONSET,Hexanol,Heptanol,"Hexanol
Heptanol",A75L1,bf
0.3,A75L1_tracesfeature_odorbfcondition_2SECAFODORONSET,Hexanol,Heptanol,"Hexanol
Heptanol",A75L1,bf
0.3,A75L1_tracesfeature_odorbfcondition_2SECAFODORONSET,Hexanol,Heptanol,"Hexanol
Heptanol",A75L1,bf
0.5,A75L1_tracesfeature_odorbfcondition_2SECAFODORONSET,Hexanol,Octanol,"Hexanol
Octanol",A75L1,bf
0.3,A75L1_tracesfeature_odorbfcondition_2SECAFODORONSET,Hexanol,Octanol,"Hexanol
Octanol",A75L1,bf
0.3,A75L1_tracesfeature_odorbfcondition_2SECAFODORONSET,Hexanol,Octanol,"Hexanol
Octanol",A75L1,bf
0.4,A75L1_tracesfeature_odorbfcondition_2SECAFODORONSET,Hexanol,Octanol,"Hexanol
Octanol",A75L1,bf
0.4,A75L1_tracesfeature_odorbfcondition_2SECAFODORONSET,Hexanol,Octanol,"Hexanol
Octanol",A75L1,bf
0.2,A75L1_tracesfeature_odorbfcondition_2SECAFODORONSET,Hexanol,Octanol,"Hexanol
Octanol",A75L1,bf
0.5,A75L1_tracesfeature_odorbfcondition_2SECAFODORONSET,Hexanol,Octanol,"Hexanol
Octanol",A75L1,bf
0.4,A75L1_tracesfeature_odorbfcondition_2SECAFODORONSET,Hexanol,Octanol,"Hexanol
Octanol",A75L1,bf
0.3,A75L1_tracesfeature_odorbfcondition_2SECAFODORONSET,Hexanol,Octanol,"Hexanol
Octanol",A75L1,bf
0.3,A75L1_tracesfeature_odorbfcondition_2SECAFODORONSET,Hexanol,Octanol,"Hexanol
Octanol",A75L1,bf
0.3,A75L1_tracesfeature_odorbfcondition_2SECAFODORONSET,Heptanol,Octanol,"Heptanol
Octanol",A75L1,bf
0.6,A75L1_tracesfeature_odorbfcondition_2SECAFODORONSET,Heptanol,Octanol,"Heptanol
Octanol",A75L1,bf
0.6,A75L1_tracesfeature_odorbfcondition_2SECAFODORONSET,Heptanol,Octanol,"Heptanol
Octanol",A75L1,bf
0.5,A75L1_tracesfeature_odorbfcondition_2SECAFODORONSET,Heptanol,Octanol,"Heptanol
Octanol",A75L1,bf
0.5,A75L1_tracesfeature_odorbfcondition_2SECAFODORONSET,Heptanol,Octanol,"Heptanol
Octanol",A75L1,bf
0.7,A75L1_tracesfeature_odorbfcondition_2SECAFODORONSET,Heptanol,Octanol,"Heptanol
Octanol",A75L1,bf
0.2,A75L1_tracesfeature_odorbfcondition_2SECAFODORONSET,Heptanol,Octanol,"Heptanol
Octanol",A75L1,bf
0.6,A75L1_tracesfeature_odorbfcondition_2SECAFODORONSET,Heptanol,Octanol,"Heptanol
Octanol",A75L1,bf
0.6,A75L1_tracesfeature_odorbfcondition_2SECAFODORONSET,Heptanol,Octanol,"Heptanol
Octanol",A75L1,bf
0.7,A75L1_tracesfeature_odorbfcondition_2SECAFODORONSET,Heptanol,Octanol,"Heptanol
Octanol",A75L1,bf
1.0,A88R1_tracesfeature_odorafcondition_2SECAFODORONSET,Pentanol,Hexanol,"Pentanol
Hexanol",A88R1,af
0.9,A88R1_tracesfeature_odorafcondition_2SECAFODORONSET,Pentanol,Hexanol,"Pentanol
Hexanol",A88R1,af
0.9,A88R1_tracesfeature_odorafcondition_2SECAFODORONSET,Pentanol,Hexanol,"Pentanol
Hexanol",A88R1,af
1.0,A88R1_tracesfeature_odorafcondition_2SECAFODORONSET,Pentanol,Hexanol,"Pentanol
Hexanol",A88R1,af
1.0,A88R1_tracesfeature_odorafcondition_2SECAFODORONSET,Pentanol,Hexanol,"Pentanol
Hexanol",A88R1,af
0.9,A88R1_tracesfeature_odorafcondition_2SECAFODORONSET,Pentanol,Hexanol,"Pentanol
Hexanol",A88R1,af
0.8,A88R1_tracesfeature_odorafcondition_2SECAFODORONSET,Pentanol,Hexanol,"Pentanol
Hexanol",A88R1,af
0.7,A88R1_tracesfeature_odorafcondition_2SECAFODORONSET,Pentanol,Hexanol,"Pentanol
Hexanol",A88R1,af
0.9,A88R1_tracesfeature_odorafcondition_2SECAFODORONSET,Pentanol,Hexanol,"Pentanol
Hexanol",A88R1,af
1.0,A88R1_tracesfeature_odorafcondition_2SECAFODORONSET,Pentanol,Hexanol,"Pentanol
Hexanol",A88R1,af
0.9,A88R1_tracesfeature_odorafcondition_2SECAFODORONSET,Pentanol,Heptanol,"Pentanol
Heptanol",A88R1,af
0.8,A88R1_tracesfeature_odorafcondition_2SECAFODORONSET,Pentanol,Heptanol,"Pentanol
Heptanol",A88R1,af
0.8,A88R1_tracesfeature_odorafcondition_2SECAFODORONSET,Pentanol,Heptanol,"Pentanol
Heptanol",A88R1,af
0.9,A88R1_tracesfeature_odorafcondition_2SECAFODORONSET,Pentanol,Heptanol,"Pentanol
Heptanol",A88R1,af
0.9,A88R1_tracesfeature_odorafcondition_2SECAFODORONSET,Pentanol,Heptanol,"Pentanol
Heptanol",A88R1,af
0.9,A88R1_tracesfeature_odorafcondition_2SECAFODORONSET,Pentanol,Heptanol,"Pentanol
Heptanol",A88R1,af
0.7,A88R1_tracesfeature_odorafcondition_2SECAFODORONSET,Pentanol,Heptanol,"Pentanol
Heptanol",A88R1,af
0.9,A88R1_tracesfeature_odorafcondition_2SECAFODORONSET,Pentanol,Heptanol,"Pentanol
Heptanol",A88R1,af
0.9,A88R1_tracesfeature_odorafcondition_2SECAFODORONSET,Pentanol,Heptanol,"Pentanol
Heptanol",A88R1,af
0.9,A88R1_tracesfeature_odorafcondition_2SECAFODORONSET,Pentanol,Heptanol,"Pentanol
Heptanol",A88R1,af
1.0,A88R1_tracesfeature_odorafcondition_2SECAFODORONSET,Pentanol,Octanol,"Pentanol
Octanol",A88R1,af
0.8,A88R1_tracesfeature_odorafcondition_2SECAFODORONSET,Pentanol,Octanol,"Pentanol
Octanol",A88R1,af
0.8,A88R1_tracesfeature_odorafcondition_2SECAFODORONSET,Pentanol,Octanol,"Pentanol
Octanol",A88R1,af
1.0,A88R1_tracesfeature_odorafcondition_2SECAFODORONSET,Pentanol,Octanol,"Pentanol
Octanol",A88R1,af
0.8,A88R1_tracesfeature_odorafcondition_2SECAFODORONSET,Pentanol,Octanol,"Pentanol
Octanol",A88R1,af
1.0,A88R1_tracesfeature_odorafcondition_2SECAFODORONSET,Pentanol,Octanol,"Pentanol
Octanol",A88R1,af
0.8,A88R1_tracesfeature_odorafcondition_2SECAFODORONSET,Pentanol,Octanol,"Pentanol
Octanol",A88R1,af
1.0,A88R1_tracesfeature_odorafcondition_2SECAFODORONSET,Pentanol,Octanol,"Pentanol
Octanol",A88R1,af
0.9,A88R1_tracesfeature_odorafcondition_2SECAFODORONSET,Pentanol,Octanol,"Pentanol
Octanol",A88R1,af
0.9,A88R1_tracesfeature_odorafcondition_2SECAFODORONSET,Pentanol,Octanol,"Pentanol
Octanol",A88R1,af
0.7,A88R1_tracesfeature_odorafcondition_2SECAFODORONSET,Hexanol,Heptanol,"Hexanol
Heptanol",A88R1,af
0.8,A88R1_tracesfeature_odorafcondition_2SECAFODORONSET,Hexanol,Heptanol,"Hexanol
Heptanol",A88R1,af
0.9,A88R1_tracesfeature_odorafcondition_2SECAFODORONSET,Hexanol,Heptanol,"Hexanol
Heptanol",A88R1,af
0.8,A88R1_tracesfeature_odorafcondition_2SECAFODORONSET,Hexanol,Heptanol,"Hexanol
Heptanol",A88R1,af
0.8,A88R1_tracesfeature_odorafcondition_2SECAFODORONSET,Hexanol,Heptanol,"Hexanol
Heptanol",A88R1,af
0.9,A88R1_tracesfeature_odorafcondition_2SECAFODORONSET,Hexanol,Heptanol,"Hexanol
Heptanol",A88R1,af
0.9,A88R1_tracesfeature_odorafcondition_2SECAFODORONSET,Hexanol,Heptanol,"Hexanol
Heptanol",A88R1,af
0.7,A88R1_tracesfeature_odorafcondition_2SECAFODORONSET,Hexanol,Heptanol,"Hexanol
Heptanol",A88R1,af
0.7,A88R1_tracesfeature_odorafcondition_2SECAFODORONSET,Hexanol,Heptanol,"Hexanol
Heptanol",A88R1,af
0.8,A88R1_tracesfeature_odorafcondition_2SECAFODORONSET,Hexanol,Heptanol,"Hexanol
Heptanol",A88R1,af
0.8,A88R1_tracesfeature_odorafcondition_2SECAFODORONSET,Hexanol,Octanol,"Hexanol
Octanol",A88R1,af
1.0,A88R1_tracesfeature_odorafcondition_2SECAFODORONSET,Hexanol,Octanol,"Hexanol
Octanol",A88R1,af
0.6,A88R1_tracesfeature_odorafcondition_2SECAFODORONSET,Hexanol,Octanol,"Hexanol
Octanol",A88R1,af
0.9,A88R1_tracesfeature_odorafcondition_2SECAFODORONSET,Hexanol,Octanol,"Hexanol
Octanol",A88R1,af
0.7,A88R1_tracesfeature_odorafcondition_2SECAFODORONSET,Hexanol,Octanol,"Hexanol
Octanol",A88R1,af
0.9,A88R1_tracesfeature_odorafcondition_2SECAFODORONSET,Hexanol,Octanol,"Hexanol
Octanol",A88R1,af
0.8,A88R1_tracesfeature_odorafcondition_2SECAFODORONSET,Hexanol,Octanol,"Hexanol
Octanol",A88R1,af
0.9,A88R1_tracesfeature_odorafcondition_2SECAFODORONSET,Hexanol,Octanol,"Hexanol
Octanol",A88R1,af
1.0,A88R1_tracesfeature_odorafcondition_2SECAFODORONSET,Hexanol,Octanol,"Hexanol
Octanol",A88R1,af
0.7,A88R1_tracesfeature_odorafcondition_2SECAFODORONSET,Hexanol,Octanol,"Hexanol
Octanol",A88R1,af
0.3,A88R1_tracesfeature_odorafcondition_2SECAFODORONSET,Heptanol,Octanol,"Heptanol
Octanol",A88R1,af
0.4,A88R1_tracesfeature_odorafcondition_2SECAFODORONSET,Heptanol,Octanol,"Heptanol
Octanol",A88R1,af
0.5,A88R1_tracesfeature_odorafcondition_2SECAFODORONSET,Heptanol,Octanol,"Heptanol
Octanol",A88R1,af
0.5,A88R1_tracesfeature_odorafcondition_2SECAFODORONSET,Heptanol,Octanol,"Heptanol
Octanol",A88R1,af
0.6,A88R1_tracesfeature_odorafcondition_2SECAFODORONSET,Heptanol,Octanol,"Heptanol
Octanol",A88R1,af
0.5,A88R1_tracesfeature_odorafcondition_2SECAFODORONSET,Heptanol,Octanol,"Heptanol
Octanol",A88R1,af
0.3,A88R1_tracesfeature_odorafcondition_2SECAFODORONSET,Heptanol,Octanol,"Heptanol
Octanol",A88R1,af
0.5,A88R1_tracesfeature_odorafcondition_2SECAFODORONSET,Heptanol,Octanol,"Heptanol
Octanol",A88R1,af
0.3,A88R1_tracesfeature_odorafcondition_2SECAFODORONSET,Heptanol,Octanol,"Heptanol
Octanol",A88R1,af
0.6,A88R1_tracesfeature_odorafcondition_2SECAFODORONSET,Heptanol,Octanol,"Heptanol
Octanol",A88R1,af
0.7,A88R1_tracesfeature_odorbfcondition_2SECAFODORONSET,Pentanol,Hexanol,"Pentanol
Hexanol",A88R1,bf
0.9,A88R1_tracesfeature_odorbfcondition_2SECAFODORONSET,Pentanol,Hexanol,"Pentanol
Hexanol",A88R1,bf
0.8,A88R1_tracesfeature_odorbfcondition_2SECAFODORONSET,Pentanol,Hexanol,"Pentanol
Hexanol",A88R1,bf
0.8,A88R1_tracesfeature_odorbfcondition_2SECAFODORONSET,Pentanol,Hexanol,"Pentanol
Hexanol",A88R1,bf
0.9,A88R1_tracesfeature_odorbfcondition_2SECAFODORONSET,Pentanol,Hexanol,"Pentanol
Hexanol",A88R1,bf
0.8,A88R1_tracesfeature_odorbfcondition_2SECAFODORONSET,Pentanol,Hexanol,"Pentanol
Hexanol",A88R1,bf
0.9,A88R1_tracesfeature_odorbfcondition_2SECAFODORONSET,Pentanol,Hexanol,"Pentanol
Hexanol",A88R1,bf
0.9,A88R1_tracesfeature_odorbfcondition_2SECAFODORONSET,Pentanol,Hexanol,"Pentanol
Hexanol",A88R1,bf
0.8,A88R1_tracesfeature_odorbfcondition_2SECAFODORONSET,Pentanol,Hexanol,"Pentanol
Hexanol",A88R1,bf
0.6,A88R1_tracesfeature_odorbfcondition_2SECAFODORONSET,Pentanol,Hexanol,"Pentanol
Hexanol",A88R1,bf
0.9,A88R1_tracesfeature_odorbfcondition_2SECAFODORONSET,Pentanol,Heptanol,"Pentanol
Heptanol",A88R1,bf
0.8,A88R1_tracesfeature_odorbfcondition_2SECAFODORONSET,Pentanol,Heptanol,"Pentanol
Heptanol",A88R1,bf
0.9,A88R1_tracesfeature_odorbfcondition_2SECAFODORONSET,Pentanol,Heptanol,"Pentanol
Heptanol",A88R1,bf
1.0,A88R1_tracesfeature_odorbfcondition_2SECAFODORONSET,Pentanol,Heptanol,"Pentanol
Heptanol",A88R1,bf
1.0,A88R1_tracesfeature_odorbfcondition_2SECAFODORONSET,Pentanol,Heptanol,"Pentanol
Heptanol",A88R1,bf
0.8,A88R1_tracesfeature_odorbfcondition_2SECAFODORONSET,Pentanol,Heptanol,"Pentanol
Heptanol",A88R1,bf
1.0,A88R1_tracesfeature_odorbfcondition_2SECAFODORONSET,Pentanol,Heptanol,"Pentanol
Heptanol",A88R1,bf
0.8,A88R1_tracesfeature_odorbfcondition_2SECAFODORONSET,Pentanol,Heptanol,"Pentanol
Heptanol",A88R1,bf
0.8,A88R1_tracesfeature_odorbfcondition_2SECAFODORONSET,Pentanol,Heptanol,"Pentanol
Heptanol",A88R1,bf
0.8,A88R1_tracesfeature_odorbfcondition_2SECAFODORONSET,Pentanol,Heptanol,"Pentanol
Heptanol",A88R1,bf
0.8,A88R1_tracesfeature_odorbfcondition_2SECAFODORONSET,Pentanol,Octanol,"Pentanol
Octanol",A88R1,bf
0.7,A88R1_tracesfeature_odorbfcondition_2SECAFODORONSET,Pentanol,Octanol,"Pentanol
Octanol",A88R1,bf
0.6,A88R1_tracesfeature_odorbfcondition_2SECAFODORONSET,Pentanol,Octanol,"Pentanol
Octanol",A88R1,bf
0.7,A88R1_tracesfeature_odorbfcondition_2SECAFODORONSET,Pentanol,Octanol,"Pentanol
Octanol",A88R1,bf
0.7,A88R1_tracesfeature_odorbfcondition_2SECAFODORONSET,Pentanol,Octanol,"Pentanol
Octanol",A88R1,bf
0.7,A88R1_tracesfeature_odorbfcondition_2SECAFODORONSET,Pentanol,Octanol,"Pentanol
Octanol",A88R1,bf
0.6,A88R1_tracesfeature_odorbfcondition_2SECAFODORONSET,Pentanol,Octanol,"Pentanol
Octanol",A88R1,bf
0.7,A88R1_tracesfeature_odorbfcondition_2SECAFODORONSET,Pentanol,Octanol,"Pentanol
Octanol",A88R1,bf
0.7,A88R1_tracesfeature_odorbfcondition_2SECAFODORONSET,Pentanol,Octanol,"Pentanol
Octanol",A88R1,bf
0.8,A88R1_tracesfeature_odorbfcondition_2SECAFODORONSET,Pentanol,Octanol,"Pentanol
Octanol",A88R1,bf
0.7,A88R1_tracesfeature_odorbfcondition_2SECAFODORONSET,Hexanol,Heptanol,"Hexanol
Heptanol",A88R1,bf
0.6,A88R1_tracesfeature_odorbfcondition_2SECAFODORONSET,Hexanol,Heptanol,"Hexanol
Heptanol",A88R1,bf
0.4,A88R1_tracesfeature_odorbfcondition_2SECAFODORONSET,Hexanol,Heptanol,"Hexanol
Heptanol",A88R1,bf
0.4,A88R1_tracesfeature_odorbfcondition_2SECAFODORONSET,Hexanol,Heptanol,"Hexanol
Heptanol",A88R1,bf
0.4,A88R1_tracesfeature_odorbfcondition_2SECAFODORONSET,Hexanol,Heptanol,"Hexanol
Heptanol",A88R1,bf
0.6,A88R1_tracesfeature_odorbfcondition_2SECAFODORONSET,Hexanol,Heptanol,"Hexanol
Heptanol",A88R1,bf
0.5,A88R1_tracesfeature_odorbfcondition_2SECAFODORONSET,Hexanol,Heptanol,"Hexanol
Heptanol",A88R1,bf
0.4,A88R1_tracesfeature_odorbfcondition_2SECAFODORONSET,Hexanol,Heptanol,"Hexanol
Heptanol",A88R1,bf
0.6,A88R1_tracesfeature_odorbfcondition_2SECAFODORONSET,Hexanol,Heptanol,"Hexanol
Heptanol",A88R1,bf
0.6,A88R1_tracesfeature_odorbfcondition_2SECAFODORONSET,Hexanol,Heptanol,"Hexanol
Heptanol",A88R1,bf
0.6,A88R1_tracesfeature_odorbfcondition_2SECAFODORONSET,Hexanol,Octanol,"Hexanol
Octanol",A88R1,bf
0.6,A88R1_tracesfeature_odorbfcondition_2SECAFODORONSET,Hexanol,Octanol,"Hexanol
Octanol",A88R1,bf
0.5,A88R1_tracesfeature_odorbfcondition_2SECAFODORONSET,Hexanol,Octanol,"Hexanol
Octanol",A88R1,bf
0.5,A88R1_tracesfeature_odorbfcondition_2SECAFODORONSET,Hexanol,Octanol,"Hexanol
Octanol",A88R1,bf
0.3,A88R1_tracesfeature_odorbfcondition_2SECAFODORONSET,Hexanol,Octanol,"Hexanol
Octanol",A88R1,bf
0.7,A88R1_tracesfeature_odorbfcondition_2SECAFODORONSET,Hexanol,Octanol,"Hexanol
Octanol",A88R1,bf
0.4,A88R1_tracesfeature_odorbfcondition_2SECAFODORONSET,Hexanol,Octanol,"Hexanol
Octanol",A88R1,bf
0.5,A88R1_tracesfeature_odorbfcondition_2SECAFODORONSET,Hexanol,Octanol,"Hexanol
Octanol",A88R1,bf
0.7,A88R1_tracesfeature_odorbfcondition_2SECAFODORONSET,Hexanol,Octanol,"Hexanol
Octanol",A88R1,bf
0.6,A88R1_tracesfeature_odorbfcondition_2SECAFODORONSET,Hexanol,Octanol,"Hexanol
Octanol",A88R1,bf
0.7,A88R1_tracesfeature_odorbfcondition_2SECAFODORONSET,Heptanol,Octanol,"Heptanol
Octanol",A88R1,bf
0.5,A88R1_tracesfeature_odorbfcondition_2SECAFODORONSET,Heptanol,Octanol,"Heptanol
Octanol",A88R1,bf
0.3,A88R1_tracesfeature_odorbfcondition_2SECAFODORONSET,Heptanol,Octanol,"Heptanol
Octanol",A88R1,bf
0.4,A88R1_tracesfeature_odorbfcondition_2SECAFODORONSET,Heptanol,Octanol,"Heptanol
Octanol",A88R1,bf
0.7,A88R1_tracesfeature_odorbfcondition_2SECAFODORONSET,Heptanol,Octanol,"Heptanol
Octanol",A88R1,bf
0.7,A88R1_tracesfeature_odorbfcondition_2SECAFODORONSET,Heptanol,Octanol,"Heptanol
Octanol",A88R1,bf
0.6,A88R1_tracesfeature_odorbfcondition_2SECAFODORONSET,Heptanol,Octanol,"Heptanol
Octanol",A88R1,bf
0.6,A88R1_tracesfeature_odorbfcondition_2SECAFODORONSET,Heptanol,Octanol,"Heptanol
Octanol",A88R1,bf
0.7,A88R1_tracesfeature_odorbfcondition_2SECAFODORONSET,Heptanol,Octanol,"Heptanol
Octanol",A88R1,bf
0.7,A88R1_tracesfeature_odorbfcondition_2SECAFODORONSET,Heptanol,Octanol,"Heptanol
Octanol",A88R1,bf
0.9,A89Nt_tracesfeature_odorafcondition_2SECAFODORONSET,Pentanol,Hexanol,"Pentanol
Hexanol",A89Nt,af
0.8,A89Nt_tracesfeature_odorafcondition_2SECAFODORONSET,Pentanol,Hexanol,"Pentanol
Hexanol",A89Nt,af
0.8,A89Nt_tracesfeature_odorafcondition_2SECAFODORONSET,Pentanol,Hexanol,"Pentanol
Hexanol",A89Nt,af
0.9,A89Nt_tracesfeature_odorafcondition_2SECAFODORONSET,Pentanol,Hexanol,"Pentanol
Hexanol",A89Nt,af
0.8,A89Nt_tracesfeature_odorafcondition_2SECAFODORONSET,Pentanol,Hexanol,"Pentanol
Hexanol",A89Nt,af
0.9,A89Nt_tracesfeature_odorafcondition_2SECAFODORONSET,Pentanol,Hexanol,"Pentanol
Hexanol",A89Nt,af
0.9,A89Nt_tracesfeature_odorafcondition_2SECAFODORONSET,Pentanol,Hexanol,"Pentanol
Hexanol",A89Nt,af
0.8,A89Nt_tracesfeature_odorafcondition_2SECAFODORONSET,Pentanol,Hexanol,"Pentanol
Hexanol",A89Nt,af
0.8,A89Nt_tracesfeature_odorafcondition_2SECAFODORONSET,Pentanol,Hexanol,"Pentanol
Hexanol",A89Nt,af
1.0,A89Nt_tracesfeature_odorafcondition_2SECAFODORONSET,Pentanol,Hexanol,"Pentanol
Hexanol",A89Nt,af
1.0,A89Nt_tracesfeature_odorafcondition_2SECAFODORONSET,Pentanol,Heptanol,"Pentanol
Heptanol",A89Nt,af
0.9,A89Nt_tracesfeature_odorafcondition_2SECAFODORONSET,Pentanol,Heptanol,"Pentanol
Heptanol",A89Nt,af
1.0,A89Nt_tracesfeature_odorafcondition_2SECAFODORONSET,Pentanol,Heptanol,"Pentanol
Heptanol",A89Nt,af
0.7,A89Nt_tracesfeature_odorafcondition_2SECAFODORONSET,Pentanol,Heptanol,"Pentanol
Heptanol",A89Nt,af
1.0,A89Nt_tracesfeature_odorafcondition_2SECAFODORONSET,Pentanol,Heptanol,"Pentanol
Heptanol",A89Nt,af
0.9,A89Nt_tracesfeature_odorafcondition_2SECAFODORONSET,Pentanol,Heptanol,"Pentanol
Heptanol",A89Nt,af
0.8,A89Nt_tracesfeature_odorafcondition_2SECAFODORONSET,Pentanol,Heptanol,"Pentanol
Heptanol",A89Nt,af
0.8,A89Nt_tracesfeature_odorafcondition_2SECAFODORONSET,Pentanol,Heptanol,"Pentanol
Heptanol",A89Nt,af
1.0,A89Nt_tracesfeature_odorafcondition_2SECAFODORONSET,Pentanol,Heptanol,"Pentanol
Heptanol",A89Nt,af
0.7,A89Nt_tracesfeature_odorafcondition_2SECAFODORONSET,Pentanol,Heptanol,"Pentanol
Heptanol",A89Nt,af
0.9,A89Nt_tracesfeature_odorafcondition_2SECAFODORONSET,Pentanol,Octanol,"Pentanol
Octanol",A89Nt,af
1.0,A89Nt_tracesfeature_odorafcondition_2SECAFODORONSET,Pentanol,Octanol,"Pentanol
Octanol",A89Nt,af
1.0,A89Nt_tracesfeature_odorafcondition_2SECAFODORONSET,Pentanol,Octanol,"Pentanol
Octanol",A89Nt,af
0.8,A89Nt_tracesfeature_odorafcondition_2SECAFODORONSET,Pentanol,Octanol,"Pentanol
Octanol",A89Nt,af
0.8,A89Nt_tracesfeature_odorafcondition_2SECAFODORONSET,Pentanol,Octanol,"Pentanol
Octanol",A89Nt,af
0.9,A89Nt_tracesfeature_odorafcondition_2SECAFODORONSET,Pentanol,Octanol,"Pentanol
Octanol",A89Nt,af
0.9,A89Nt_tracesfeature_odorafcondition_2SECAFODORONSET,Pentanol,Octanol,"Pentanol
Octanol",A89Nt,af
0.9,A89Nt_tracesfeature_odorafcondition_2SECAFODORONSET,Pentanol,Octanol,"Pentanol
Octanol",A89Nt,af
1.0,A89Nt_tracesfeature_odorafcondition_2SECAFODORONSET,Pentanol,Octanol,"Pentanol
Octanol",A89Nt,af
1.0,A89Nt_tracesfeature_odorafcondition_2SECAFODORONSET,Pentanol,Octanol,"Pentanol
Octanol",A89Nt,af
0.7,A89Nt_tracesfeature_odorafcondition_2SECAFODORONSET,Hexanol,Heptanol,"Hexanol
Heptanol",A89Nt,af
0.8,A89Nt_tracesfeature_odorafcondition_2SECAFODORONSET,Hexanol,Heptanol,"Hexanol
Heptanol",A89Nt,af
0.7,A89Nt_tracesfeature_odorafcondition_2SECAFODORONSET,Hexanol,Heptanol,"Hexanol
Heptanol",A89Nt,af
1.0,A89Nt_tracesfeature_odorafcondition_2SECAFODORONSET,Hexanol,Heptanol,"Hexanol
Heptanol",A89Nt,af
0.7,A89Nt_tracesfeature_odorafcondition_2SECAFODORONSET,Hexanol,Heptanol,"Hexanol
Heptanol",A89Nt,af
0.8,A89Nt_tracesfeature_odorafcondition_2SECAFODORONSET,Hexanol,Heptanol,"Hexanol
Heptanol",A89Nt,af
0.8,A89Nt_tracesfeature_odorafcondition_2SECAFODORONSET,Hexanol,Heptanol,"Hexanol
Heptanol",A89Nt,af
0.8,A89Nt_tracesfeature_odorafcondition_2SECAFODORONSET,Hexanol,Heptanol,"Hexanol
Heptanol",A89Nt,af
0.8,A89Nt_tracesfeature_odorafcondition_2SECAFODORONSET,Hexanol,Heptanol,"Hexanol
Heptanol",A89Nt,af
0.8,A89Nt_tracesfeature_odorafcondition_2SECAFODORONSET,Hexanol,Heptanol,"Hexanol
Heptanol",A89Nt,af
0.8,A89Nt_tracesfeature_odorafcondition_2SECAFODORONSET,Hexanol,Octanol,"Hexanol
Octanol",A89Nt,af
0.6,A89Nt_tracesfeature_odorafcondition_2SECAFODORONSET,Hexanol,Octanol,"Hexanol
Octanol",A89Nt,af
0.6,A89Nt_tracesfeature_odorafcondition_2SECAFODORONSET,Hexanol,Octanol,"Hexanol
Octanol",A89Nt,af
0.8,A89Nt_tracesfeature_odorafcondition_2SECAFODORONSET,Hexanol,Octanol,"Hexanol
Octanol",A89Nt,af
0.7,A89Nt_tracesfeature_odorafcondition_2SECAFODORONSET,Hexanol,Octanol,"Hexanol
Octanol",A89Nt,af
0.9,A89Nt_tracesfeature_odorafcondition_2SECAFODORONSET,Hexanol,Octanol,"Hexanol
Octanol",A89Nt,af
0.9,A89Nt_tracesfeature_odorafcondition_2SECAFODORONSET,Hexanol,Octanol,"Hexanol
Octanol",A89Nt,af
0.7,A89Nt_tracesfeature_odorafcondition_2SECAFODORONSET,Hexanol,Octanol,"Hexanol
Octanol",A89Nt,af
0.9,A89Nt_tracesfeature_odorafcondition_2SECAFODORONSET,Hexanol,Octanol,"Hexanol
Octanol",A89Nt,af
0.6,A89Nt_tracesfeature_odorafcondition_2SECAFODORONSET,Hexanol,Octanol,"Hexanol
Octanol",A89Nt,af
0.7,A89Nt_tracesfeature_odorafcondition_2SECAFODORONSET,Heptanol,Octanol,"Heptanol
Octanol",A89Nt,af
0.7,A89Nt_tracesfeature_odorafcondition_2SECAFODORONSET,Heptanol,Octanol,"Heptanol
Octanol",A89Nt,af
0.7,A89Nt_tracesfeature_odorafcondition_2SECAFODORONSET,Heptanol,Octanol,"Heptanol
Octanol",A89Nt,af
0.6,A89Nt_tracesfeature_odorafcondition_2SECAFODORONSET,Heptanol,Octanol,"Heptanol
Octanol",A89Nt,af
0.6,A89Nt_tracesfeature_odorafcondition_2SECAFODORONSET,Heptanol,Octanol,"Heptanol
Octanol",A89Nt,af
0.4,A89Nt_tracesfeature_odorafcondition_2SECAFODORONSET,Heptanol,Octanol,"Heptanol
Octanol",A89Nt,af
0.6,A89Nt_tracesfeature_odorafcondition_2SECAFODORONSET,Heptanol,Octanol,"Heptanol
Octanol",A89Nt,af
0.6,A89Nt_tracesfeature_odorafcondition_2SECAFODORONSET,Heptanol,Octanol,"Heptanol
Octanol",A89Nt,af
0.7,A89Nt_tracesfeature_odorafcondition_2SECAFODORONSET,Heptanol,Octanol,"Heptanol
Octanol",A89Nt,af
0.6,A89Nt_tracesfeature_odorafcondition_2SECAFODORONSET,Heptanol,Octanol,"Heptanol
Octanol",A89Nt,af
0.7,A89Nt_tracesfeature_odorbfcondition_2SECAFODORONSET,Pentanol,Hexanol,"Pentanol
Hexanol",A89Nt,bf
0.5,A89Nt_tracesfeature_odorbfcondition_2SECAFODORONSET,Pentanol,Hexanol,"Pentanol
Hexanol",A89Nt,bf
0.7,A89Nt_tracesfeature_odorbfcondition_2SECAFODORONSET,Pentanol,Hexanol,"Pentanol
Hexanol",A89Nt,bf
0.6,A89Nt_tracesfeature_odorbfcondition_2SECAFODORONSET,Pentanol,Hexanol,"Pentanol
Hexanol",A89Nt,bf
0.7,A89Nt_tracesfeature_odorbfcondition_2SECAFODORONSET,Pentanol,Hexanol,"Pentanol
Hexanol",A89Nt,bf
0.5,A89Nt_tracesfeature_odorbfcondition_2SECAFODORONSET,Pentanol,Hexanol,"Pentanol
Hexanol",A89Nt,bf
0.7,A89Nt_tracesfeature_odorbfcondition_2SECAFODORONSET,Pentanol,Hexanol,"Pentanol
Hexanol",A89Nt,bf
0.7,A89Nt_tracesfeature_odorbfcondition_2SECAFODORONSET,Pentanol,Hexanol,"Pentanol
Hexanol",A89Nt,bf
0.7,A89Nt_tracesfeature_odorbfcondition_2SECAFODORONSET,Pentanol,Hexanol,"Pentanol
Hexanol",A89Nt,bf
0.6,A89Nt_tracesfeature_odorbfcondition_2SECAFODORONSET,Pentanol,Hexanol,"Pentanol
Hexanol",A89Nt,bf
0.7,A89Nt_tracesfeature_odorbfcondition_2SECAFODORONSET,Pentanol,Heptanol,"Pentanol
Heptanol",A89Nt,bf
1.0,A89Nt_tracesfeature_odorbfcondition_2SECAFODORONSET,Pentanol,Heptanol,"Pentanol
Heptanol",A89Nt,bf
0.8,A89Nt_tracesfeature_odorbfcondition_2SECAFODORONSET,Pentanol,Heptanol,"Pentanol
Heptanol",A89Nt,bf
0.7,A89Nt_tracesfeature_odorbfcondition_2SECAFODORONSET,Pentanol,Heptanol,"Pentanol
Heptanol",A89Nt,bf
0.7,A89Nt_tracesfeature_odorbfcondition_2SECAFODORONSET,Pentanol,Heptanol,"Pentanol
Heptanol",A89Nt,bf
0.8,A89Nt_tracesfeature_odorbfcondition_2SECAFODORONSET,Pentanol,Heptanol,"Pentanol
Heptanol",A89Nt,bf
0.8,A89Nt_tracesfeature_odorbfcondition_2SECAFODORONSET,Pentanol,Heptanol,"Pentanol
Heptanol",A89Nt,bf
0.8,A89Nt_tracesfeature_odorbfcondition_2SECAFODORONSET,Pentanol,Heptanol,"Pentanol
Heptanol",A89Nt,bf
0.7,A89Nt_tracesfeature_odorbfcondition_2SECAFODORONSET,Pentanol,Heptanol,"Pentanol
Heptanol",A89Nt,bf
0.8,A89Nt_tracesfeature_odorbfcondition_2SECAFODORONSET,Pentanol,Heptanol,"Pentanol
Heptanol",A89Nt,bf
0.8,A89Nt_tracesfeature_odorbfcondition_2SECAFODORONSET,Pentanol,Octanol,"Pentanol
Octanol",A89Nt,bf
0.8,A89Nt_tracesfeature_odorbfcondition_2SECAFODORONSET,Pentanol,Octanol,"Pentanol
Octanol",A89Nt,bf
0.8,A89Nt_tracesfeature_odorbfcondition_2SECAFODORONSET,Pentanol,Octanol,"Pentanol
Octanol",A89Nt,bf
0.8,A89Nt_tracesfeature_odorbfcondition_2SECAFODORONSET,Pentanol,Octanol,"Pentanol
Octanol",A89Nt,bf
0.6,A89Nt_tracesfeature_odorbfcondition_2SECAFODORONSET,Pentanol,Octanol,"Pentanol
Octanol",A89Nt,bf
0.4,A89Nt_tracesfeature_odorbfcondition_2SECAFODORONSET,Pentanol,Octanol,"Pentanol
Octanol",A89Nt,bf
0.9,A89Nt_tracesfeature_odorbfcondition_2SECAFODORONSET,Pentanol,Octanol,"Pentanol
Octanol",A89Nt,bf
0.6,A89Nt_tracesfeature_odorbfcondition_2SECAFODORONSET,Pentanol,Octanol,"Pentanol
Octanol",A89Nt,bf
0.7,A89Nt_tracesfeature_odorbfcondition_2SECAFODORONSET,Pentanol,Octanol,"Pentanol
Octanol",A89Nt,bf
0.7,A89Nt_tracesfeature_odorbfcondition_2SECAFODORONSET,Pentanol,Octanol,"Pentanol
Octanol",A89Nt,bf
0.6,A89Nt_tracesfeature_odorbfcondition_2SECAFODORONSET,Hexanol,Heptanol,"Hexanol
Heptanol",A89Nt,bf
0.6,A89Nt_tracesfeature_odorbfcondition_2SECAFODORONSET,Hexanol,Heptanol,"Hexanol
Heptanol",A89Nt,bf
0.2,A89Nt_tracesfeature_odorbfcondition_2SECAFODORONSET,Hexanol,Heptanol,"Hexanol
Heptanol",A89Nt,bf
0.3,A89Nt_tracesfeature_odorbfcondition_2SECAFODORONSET,Hexanol,Heptanol,"Hexanol
Heptanol",A89Nt,bf
0.5,A89Nt_tracesfeature_odorbfcondition_2SECAFODORONSET,Hexanol,Heptanol,"Hexanol
Heptanol",A89Nt,bf
0.7,A89Nt_tracesfeature_odorbfcondition_2SECAFODORONSET,Hexanol,Heptanol,"Hexanol
Heptanol",A89Nt,bf
0.6,A89Nt_tracesfeature_odorbfcondition_2SECAFODORONSET,Hexanol,Heptanol,"Hexanol
Heptanol",A89Nt,bf
0.5,A89Nt_tracesfeature_odorbfcondition_2SECAFODORONSET,Hexanol,Heptanol,"Hexanol
Heptanol",A89Nt,bf
0.4,A89Nt_tracesfeature_odorbfcondition_2SECAFODORONSET,Hexanol,Heptanol,"Hexanol
Heptanol",A89Nt,bf
0.5,A89Nt_tracesfeature_odorbfcondition_2SECAFODORONSET,Hexanol,Heptanol,"Hexanol
Heptanol",A89Nt,bf
0.5,A89Nt_tracesfeature_odorbfcondition_2SECAFODORONSET,Hexanol,Octanol,"Hexanol
Octanol",A89Nt,bf
0.6,A89Nt_tracesfeature_odorbfcondition_2SECAFODORONSET,Hexanol,Octanol,"Hexanol
Octanol",A89Nt,bf
0.5,A89Nt_tracesfeature_odorbfcondition_2SECAFODORONSET,Hexanol,Octanol,"Hexanol
Octanol",A89Nt,bf
0.2,A89Nt_tracesfeature_odorbfcondition_2SECAFODORONSET,Hexanol,Octanol,"Hexanol
Octanol",A89Nt,bf
0.3,A89Nt_tracesfeature_odorbfcondition_2SECAFODORONSET,Hexanol,Octanol,"Hexanol
Octanol",A89Nt,bf
0.6,A89Nt_tracesfeature_odorbfcondition_2SECAFODORONSET,Hexanol,Octanol,"Hexanol
Octanol",A89Nt,bf
0.4,A89Nt_tracesfeature_odorbfcondition_2SECAFODORONSET,Hexanol,Octanol,"Hexanol
Octanol",A89Nt,bf
0.6,A89Nt_tracesfeature_odorbfcondition_2SECAFODORONSET,Hexanol,Octanol,"Hexanol
Octanol",A89Nt,bf
0.3,A89Nt_tracesfeature_odorbfcondition_2SECAFODORONSET,Hexanol,Octanol,"Hexanol
Octanol",A89Nt,bf
0.4,A89Nt_tracesfeature_odorbfcondition_2SECAFODORONSET,Hexanol,Octanol,"Hexanol
Octanol",A89Nt,bf
0.5,A89Nt_tracesfeature_odorbfcondition_2SECAFODORONSET,Heptanol,Octanol,"Heptanol
Octanol",A89Nt,bf
0.4,A89Nt_tracesfeature_odorbfcondition_2SECAFODORONSET,Heptanol,Octanol,"Heptanol
Octanol",A89Nt,bf
0.5,A89Nt_tracesfeature_odorbfcondition_2SECAFODORONSET,Heptanol,Octanol,"Heptanol
Octanol",A89Nt,bf
0.6,A89Nt_tracesfeature_odorbfcondition_2SECAFODORONSET,Heptanol,Octanol,"Heptanol
Octanol",A89Nt,bf
0.4,A89Nt_tracesfeature_odorbfcondition_2SECAFODORONSET,Heptanol,Octanol,"Heptanol
Octanol",A89Nt,bf
0.6,A89Nt_tracesfeature_odorbfcondition_2SECAFODORONSET,Heptanol,Octanol,"Heptanol
Octanol",A89Nt,bf
0.6,A89Nt_tracesfeature_odorbfcondition_2SECAFODORONSET,Heptanol,Octanol,"Heptanol
Octanol",A89Nt,bf
0.5,A89Nt_tracesfeature_odorbfcondition_2SECAFODORONSET,Heptanol,Octanol,"Heptanol
Octanol",A89Nt,bf
0.6,A89Nt_tracesfeature_odorbfcondition_2SECAFODORONSET,Heptanol,Octanol,"Heptanol
Octanol",A89Nt,bf
0.4,A89Nt_tracesfeature_odorbfcondition_2SECAFODORONSET,Heptanol,Octanol,"Heptanol
Octanol",A89Nt,bf
0.8,A94Nt_tracesfeature_odorafcondition_2SECAFODORONSET,Pentanol,Hexanol,"Pentanol
Hexanol",A94Nt,af
0.8,A94Nt_tracesfeature_odorafcondition_2SECAFODORONSET,Pentanol,Hexanol,"Pentanol
Hexanol",A94Nt,af
0.9,A94Nt_tracesfeature_odorafcondition_2SECAFODORONSET,Pentanol,Hexanol,"Pentanol
Hexanol",A94Nt,af
0.6,A94Nt_tracesfeature_odorafcondition_2SECAFODORONSET,Pentanol,Hexanol,"Pentanol
Hexanol",A94Nt,af
0.7,A94Nt_tracesfeature_odorafcondition_2SECAFODORONSET,Pentanol,Hexanol,"Pentanol
Hexanol",A94Nt,af
0.9,A94Nt_tracesfeature_odorafcondition_2SECAFODORONSET,Pentanol,Hexanol,"Pentanol
Hexanol",A94Nt,af
0.5,A94Nt_tracesfeature_odorafcondition_2SECAFODORONSET,Pentanol,Hexanol,"Pentanol
Hexanol",A94Nt,af
0.8,A94Nt_tracesfeature_odorafcondition_2SECAFODORONSET,Pentanol,Hexanol,"Pentanol
Hexanol",A94Nt,af
0.8,A94Nt_tracesfeature_odorafcondition_2SECAFODORONSET,Pentanol,Hexanol,"Pentanol
Hexanol",A94Nt,af
0.7,A94Nt_tracesfeature_odorafcondition_2SECAFODORONSET,Pentanol,Hexanol,"Pentanol
Hexanol",A94Nt,af
0.9,A94Nt_tracesfeature_odorafcondition_2SECAFODORONSET,Pentanol,Heptanol,"Pentanol
Heptanol",A94Nt,af
0.7,A94Nt_tracesfeature_odorafcondition_2SECAFODORONSET,Pentanol,Heptanol,"Pentanol
Heptanol",A94Nt,af
0.9,A94Nt_tracesfeature_odorafcondition_2SECAFODORONSET,Pentanol,Heptanol,"Pentanol
Heptanol",A94Nt,af
0.6,A94Nt_tracesfeature_odorafcondition_2SECAFODORONSET,Pentanol,Heptanol,"Pentanol
Heptanol",A94Nt,af
0.7,A94Nt_tracesfeature_odorafcondition_2SECAFODORONSET,Pentanol,Heptanol,"Pentanol
Heptanol",A94Nt,af
0.6,A94Nt_tracesfeature_odorafcondition_2SECAFODORONSET,Pentanol,Heptanol,"Pentanol
Heptanol",A94Nt,af
0.9,A94Nt_tracesfeature_odorafcondition_2SECAFODORONSET,Pentanol,Heptanol,"Pentanol
Heptanol",A94Nt,af
0.6,A94Nt_tracesfeature_odorafcondition_2SECAFODORONSET,Pentanol,Heptanol,"Pentanol
Heptanol",A94Nt,af
0.9,A94Nt_tracesfeature_odorafcondition_2SECAFODORONSET,Pentanol,Heptanol,"Pentanol
Heptanol",A94Nt,af
0.8,A94Nt_tracesfeature_odorafcondition_2SECAFODORONSET,Pentanol,Heptanol,"Pentanol
Heptanol",A94Nt,af
0.9,A94Nt_tracesfeature_odorafcondition_2SECAFODORONSET,Pentanol,Octanol,"Pentanol
Octanol",A94Nt,af
0.9,A94Nt_tracesfeature_odorafcondition_2SECAFODORONSET,Pentanol,Octanol,"Pentanol
Octanol",A94Nt,af
0.9,A94Nt_tracesfeature_odorafcondition_2SECAFODORONSET,Pentanol,Octanol,"Pentanol
Octanol",A94Nt,af
0.9,A94Nt_tracesfeature_odorafcondition_2SECAFODORONSET,Pentanol,Octanol,"Pentanol
Octanol",A94Nt,af
1.0,A94Nt_tracesfeature_odorafcondition_2SECAFODORONSET,Pentanol,Octanol,"Pentanol
Octanol",A94Nt,af
0.7,A94Nt_tracesfeature_odorafcondition_2SECAFODORONSET,Pentanol,Octanol,"Pentanol
Octanol",A94Nt,af
1.0,A94Nt_tracesfeature_odorafcondition_2SECAFODORONSET,Pentanol,Octanol,"Pentanol
Octanol",A94Nt,af
0.9,A94Nt_tracesfeature_odorafcondition_2SECAFODORONSET,Pentanol,Octanol,"Pentanol
Octanol",A94Nt,af
0.9,A94Nt_tracesfeature_odorafcondition_2SECAFODORONSET,Pentanol,Octanol,"Pentanol
Octanol",A94Nt,af
0.9,A94Nt_tracesfeature_odorafcondition_2SECAFODORONSET,Pentanol,Octanol,"Pentanol
Octanol",A94Nt,af
0.8,A94Nt_tracesfeature_odorafcondition_2SECAFODORONSET,Hexanol,Heptanol,"Hexanol
Heptanol",A94Nt,af
0.6,A94Nt_tracesfeature_odorafcondition_2SECAFODORONSET,Hexanol,Heptanol,"Hexanol
Heptanol",A94Nt,af
0.6,A94Nt_tracesfeature_odorafcondition_2SECAFODORONSET,Hexanol,Heptanol,"Hexanol
Heptanol",A94Nt,af
0.7,A94Nt_tracesfeature_odorafcondition_2SECAFODORONSET,Hexanol,Heptanol,"Hexanol
Heptanol",A94Nt,af
0.6,A94Nt_tracesfeature_odorafcondition_2SECAFODORONSET,Hexanol,Heptanol,"Hexanol
Heptanol",A94Nt,af
0.9,A94Nt_tracesfeature_odorafcondition_2SECAFODORONSET,Hexanol,Heptanol,"Hexanol
Heptanol",A94Nt,af
0.6,A94Nt_tracesfeature_odorafcondition_2SECAFODORONSET,Hexanol,Heptanol,"Hexanol
Heptanol",A94Nt,af
0.6,A94Nt_tracesfeature_odorafcondition_2SECAFODORONSET,Hexanol,Heptanol,"Hexanol
Heptanol",A94Nt,af
0.7,A94Nt_tracesfeature_odorafcondition_2SECAFODORONSET,Hexanol,Heptanol,"Hexanol
Heptanol",A94Nt,af
0.5,A94Nt_tracesfeature_odorafcondition_2SECAFODORONSET,Hexanol,Heptanol,"Hexanol
Heptanol",A94Nt,af
1.0,A94Nt_tracesfeature_odorafcondition_2SECAFODORONSET,Hexanol,Octanol,"Hexanol
Octanol",A94Nt,af
0.8,A94Nt_tracesfeature_odorafcondition_2SECAFODORONSET,Hexanol,Octanol,"Hexanol
Octanol",A94Nt,af
0.9,A94Nt_tracesfeature_odorafcondition_2SECAFODORONSET,Hexanol,Octanol,"Hexanol
Octanol",A94Nt,af
0.8,A94Nt_tracesfeature_odorafcondition_2SECAFODORONSET,Hexanol,Octanol,"Hexanol
Octanol",A94Nt,af
0.7,A94Nt_tracesfeature_odorafcondition_2SECAFODORONSET,Hexanol,Octanol,"Hexanol
Octanol",A94Nt,af
0.8,A94Nt_tracesfeature_odorafcondition_2SECAFODORONSET,Hexanol,Octanol,"Hexanol
Octanol",A94Nt,af
0.8,A94Nt_tracesfeature_odorafcondition_2SECAFODORONSET,Hexanol,Octanol,"Hexanol
Octanol",A94Nt,af
0.9,A94Nt_tracesfeature_odorafcondition_2SECAFODORONSET,Hexanol,Octanol,"Hexanol
Octanol",A94Nt,af
0.9,A94Nt_tracesfeature_odorafcondition_2SECAFODORONSET,Hexanol,Octanol,"Hexanol
Octanol",A94Nt,af
0.9,A94Nt_tracesfeature_odorafcondition_2SECAFODORONSET,Hexanol,Octanol,"Hexanol
Octanol",A94Nt,af
0.4,A94Nt_tracesfeature_odorafcondition_2SECAFODORONSET,Heptanol,Octanol,"Heptanol
Octanol",A94Nt,af
0.6,A94Nt_tracesfeature_odorafcondition_2SECAFODORONSET,Heptanol,Octanol,"Heptanol
Octanol",A94Nt,af
0.5,A94Nt_tracesfeature_odorafcondition_2SECAFODORONSET,Heptanol,Octanol,"Heptanol
Octanol",A94Nt,af
0.7,A94Nt_tracesfeature_odorafcondition_2SECAFODORONSET,Heptanol,Octanol,"Heptanol
Octanol",A94Nt,af
0.7,A94Nt_tracesfeature_odorafcondition_2SECAFODORONSET,Heptanol,Octanol,"Heptanol
Octanol",A94Nt,af
0.7,A94Nt_tracesfeature_odorafcondition_2SECAFODORONSET,Heptanol,Octanol,"Heptanol
Octanol",A94Nt,af
0.5,A94Nt_tracesfeature_odorafcondition_2SECAFODORONSET,Heptanol,Octanol,"Heptanol
Octanol",A94Nt,af
0.7,A94Nt_tracesfeature_odorafcondition_2SECAFODORONSET,Heptanol,Octanol,"Heptanol
Octanol",A94Nt,af
0.9,A94Nt_tracesfeature_odorafcondition_2SECAFODORONSET,Heptanol,Octanol,"Heptanol
Octanol",A94Nt,af
0.6,A94Nt_tracesfeature_odorafcondition_2SECAFODORONSET,Heptanol,Octanol,"Heptanol
Octanol",A94Nt,af
0.6,A94Nt_tracesfeature_odorbfcondition_2SECAFODORONSET,Pentanol,Hexanol,"Pentanol
Hexanol",A94Nt,bf
0.9,A94Nt_tracesfeature_odorbfcondition_2SECAFODORONSET,Pentanol,Hexanol,"Pentanol
Hexanol",A94Nt,bf
0.5,A94Nt_tracesfeature_odorbfcondition_2SECAFODORONSET,Pentanol,Hexanol,"Pentanol
Hexanol",A94Nt,bf
1.0,A94Nt_tracesfeature_odorbfcondition_2SECAFODORONSET,Pentanol,Hexanol,"Pentanol
Hexanol",A94Nt,bf
0.8,A94Nt_tracesfeature_odorbfcondition_2SECAFODORONSET,Pentanol,Hexanol,"Pentanol
Hexanol",A94Nt,bf
0.9,A94Nt_tracesfeature_odorbfcondition_2SECAFODORONSET,Pentanol,Hexanol,"Pentanol
Hexanol",A94Nt,bf
0.8,A94Nt_tracesfeature_odorbfcondition_2SECAFODORONSET,Pentanol,Hexanol,"Pentanol
Hexanol",A94Nt,bf
0.7,A94Nt_tracesfeature_odorbfcondition_2SECAFODORONSET,Pentanol,Hexanol,"Pentanol
Hexanol",A94Nt,bf
0.7,A94Nt_tracesfeature_odorbfcondition_2SECAFODORONSET,Pentanol,Hexanol,"Pentanol
Hexanol",A94Nt,bf
0.7,A94Nt_tracesfeature_odorbfcondition_2SECAFODORONSET,Pentanol,Hexanol,"Pentanol
Hexanol",A94Nt,bf
1.0,A94Nt_tracesfeature_odorbfcondition_2SECAFODORONSET,Pentanol,Heptanol,"Pentanol
Heptanol",A94Nt,bf
0.6,A94Nt_tracesfeature_odorbfcondition_2SECAFODORONSET,Pentanol,Heptanol,"Pentanol
Heptanol",A94Nt,bf
0.7,A94Nt_tracesfeature_odorbfcondition_2SECAFODORONSET,Pentanol,Heptanol,"Pentanol
Heptanol",A94Nt,bf
0.8,A94Nt_tracesfeature_odorbfcondition_2SECAFODORONSET,Pentanol,Heptanol,"Pentanol
Heptanol",A94Nt,bf
0.9,A94Nt_tracesfeature_odorbfcondition_2SECAFODORONSET,Pentanol,Heptanol,"Pentanol
Heptanol",A94Nt,bf
0.8,A94Nt_tracesfeature_odorbfcondition_2SECAFODORONSET,Pentanol,Heptanol,"Pentanol
Heptanol",A94Nt,bf
0.8,A94Nt_tracesfeature_odorbfcondition_2SECAFODORONSET,Pentanol,Heptanol,"Pentanol
Heptanol",A94Nt,bf
0.8,A94Nt_tracesfeature_odorbfcondition_2SECAFODORONSET,Pentanol,Heptanol,"Pentanol
Heptanol",A94Nt,bf
0.9,A94Nt_tracesfeature_odorbfcondition_2SECAFODORONSET,Pentanol,Heptanol,"Pentanol
Heptanol",A94Nt,bf
0.9,A94Nt_tracesfeature_odorbfcondition_2SECAFODORONSET,Pentanol,Heptanol,"Pentanol
Heptanol",A94Nt,bf
0.9,A94Nt_tracesfeature_odorbfcondition_2SECAFODORONSET,Pentanol,Octanol,"Pentanol
Octanol",A94Nt,bf
0.5,A94Nt_tracesfeature_odorbfcondition_2SECAFODORONSET,Pentanol,Octanol,"Pentanol
Octanol",A94Nt,bf
0.7,A94Nt_tracesfeature_odorbfcondition_2SECAFODORONSET,Pentanol,Octanol,"Pentanol
Octanol",A94Nt,bf
0.6,A94Nt_tracesfeature_odorbfcondition_2SECAFODORONSET,Pentanol,Octanol,"Pentanol
Octanol",A94Nt,bf
0.7,A94Nt_tracesfeature_odorbfcondition_2SECAFODORONSET,Pentanol,Octanol,"Pentanol
Octanol",A94Nt,bf
1.0,A94Nt_tracesfeature_odorbfcondition_2SECAFODORONSET,Pentanol,Octanol,"Pentanol
Octanol",A94Nt,bf
0.7,A94Nt_tracesfeature_odorbfcondition_2SECAFODORONSET,Pentanol,Octanol,"Pentanol
Octanol",A94Nt,bf
0.7,A94Nt_tracesfeature_odorbfcondition_2SECAFODORONSET,Pentanol,Octanol,"Pentanol
Octanol",A94Nt,bf
0.6,A94Nt_tracesfeature_odorbfcondition_2SECAFODORONSET,Pentanol,Octanol,"Pentanol
Octanol",A94Nt,bf
0.7,A94Nt_tracesfeature_odorbfcondition_2SECAFODORONSET,Pentanol,Octanol,"Pentanol
Octanol",A94Nt,bf
0.5,A94Nt_tracesfeature_odorbfcondition_2SECAFODORONSET,Hexanol,Heptanol,"Hexanol
Heptanol",A94Nt,bf
0.6,A94Nt_tracesfeature_odorbfcondition_2SECAFODORONSET,Hexanol,Heptanol,"Hexanol
Heptanol",A94Nt,bf
0.5,A94Nt_tracesfeature_odorbfcondition_2SECAFODORONSET,Hexanol,Heptanol,"Hexanol
Heptanol",A94Nt,bf
0.5,A94Nt_tracesfeature_odorbfcondition_2SECAFODORONSET,Hexanol,Heptanol,"Hexanol
Heptanol",A94Nt,bf
0.5,A94Nt_tracesfeature_odorbfcondition_2SECAFODORONSET,Hexanol,Heptanol,"Hexanol
Heptanol",A94Nt,bf
0.5,A94Nt_tracesfeature_odorbfcondition_2SECAFODORONSET,Hexanol,Heptanol,"Hexanol
Heptanol",A94Nt,bf
0.4,A94Nt_tracesfeature_odorbfcondition_2SECAFODORONSET,Hexanol,Heptanol,"Hexanol
Heptanol",A94Nt,bf
0.6,A94Nt_tracesfeature_odorbfcondition_2SECAFODORONSET,Hexanol,Heptanol,"Hexanol
Heptanol",A94Nt,bf
0.4,A94Nt_tracesfeature_odorbfcondition_2SECAFODORONSET,Hexanol,Heptanol,"Hexanol
Heptanol",A94Nt,bf
0.5,A94Nt_tracesfeature_odorbfcondition_2SECAFODORONSET,Hexanol,Heptanol,"Hexanol
Heptanol",A94Nt,bf
0.7,A94Nt_tracesfeature_odorbfcondition_2SECAFODORONSET,Hexanol,Octanol,"Hexanol
Octanol",A94Nt,bf
0.4,A94Nt_tracesfeature_odorbfcondition_2SECAFODORONSET,Hexanol,Octanol,"Hexanol
Octanol",A94Nt,bf
0.7,A94Nt_tracesfeature_odorbfcondition_2SECAFODORONSET,Hexanol,Octanol,"Hexanol
Octanol",A94Nt,bf
0.7,A94Nt_tracesfeature_odorbfcondition_2SECAFODORONSET,Hexanol,Octanol,"Hexanol
Octanol",A94Nt,bf
0.5,A94Nt_tracesfeature_odorbfcondition_2SECAFODORONSET,Hexanol,Octanol,"Hexanol
Octanol",A94Nt,bf
0.6,A94Nt_tracesfeature_odorbfcondition_2SECAFODORONSET,Hexanol,Octanol,"Hexanol
Octanol",A94Nt,bf
0.5,A94Nt_tracesfeature_odorbfcondition_2SECAFODORONSET,Hexanol,Octanol,"Hexanol
Octanol",A94Nt,bf
0.4,A94Nt_tracesfeature_odorbfcondition_2SECAFODORONSET,Hexanol,Octanol,"Hexanol
Octanol",A94Nt,bf
0.5,A94Nt_tracesfeature_odorbfcondition_2SECAFODORONSET,Hexanol,Octanol,"Hexanol
Octanol",A94Nt,bf
0.5,A94Nt_tracesfeature_odorbfcondition_2SECAFODORONSET,Hexanol,Octanol,"Hexanol
Octanol",A94Nt,bf
0.5,A94Nt_tracesfeature_odorbfcondition_2SECAFODORONSET,Heptanol,Octanol,"Heptanol
Octanol",A94Nt,bf
0.4,A94Nt_tracesfeature_odorbfcondition_2SECAFODORONSET,Heptanol,Octanol,"Heptanol
Octanol",A94Nt,bf
0.3,A94Nt_tracesfeature_odorbfcondition_2SECAFODORONSET,Heptanol,Octanol,"Heptanol
Octanol",A94Nt,bf
0.4,A94Nt_tracesfeature_odorbfcondition_2SECAFODORONSET,Heptanol,Octanol,"Heptanol
Octanol",A94Nt,bf
0.4,A94Nt_tracesfeature_odorbfcondition_2SECAFODORONSET,Heptanol,Octanol,"Heptanol
Octanol",A94Nt,bf
0.5,A94Nt_tracesfeature_odorbfcondition_2SECAFODORONSET,Heptanol,Octanol,"Heptanol
Octanol",A94Nt,bf
0.4,A94Nt_tracesfeature_odorbfcondition_2SECAFODORONSET,Heptanol,Octanol,"Heptanol
Octanol",A94Nt,bf
0.3,A94Nt_tracesfeature_odorbfcondition_2SECAFODORONSET,Heptanol,Octanol,"Heptanol
Octanol",A94Nt,bf
0.3,A94Nt_tracesfeature_odorbfcondition_2SECAFODORONSET,Heptanol,Octanol,"Heptanol
Octanol",A94Nt,bf
0.5,A94Nt_tracesfeature_odorbfcondition_2SECAFODORONSET,Heptanol,Octanol,"Heptanol
Octanol",A94Nt,bf
0.5,A94R1_tracesfeature_odorafcondition_2SECAFODORONSET,Pentanol,Hexanol,"Pentanol
Hexanol",A94R1,af
0.4,A94R1_tracesfeature_odorafcondition_2SECAFODORONSET,Pentanol,Hexanol,"Pentanol
Hexanol",A94R1,af
0.4,A94R1_tracesfeature_odorafcondition_2SECAFODORONSET,Pentanol,Hexanol,"Pentanol
Hexanol",A94R1,af
0.3,A94R1_tracesfeature_odorafcondition_2SECAFODORONSET,Pentanol,Hexanol,"Pentanol
Hexanol",A94R1,af
0.5,A94R1_tracesfeature_odorafcondition_2SECAFODORONSET,Pentanol,Hexanol,"Pentanol
Hexanol",A94R1,af
0.4,A94R1_tracesfeature_odorafcondition_2SECAFODORONSET,Pentanol,Hexanol,"Pentanol
Hexanol",A94R1,af
0.6,A94R1_tracesfeature_odorafcondition_2SECAFODORONSET,Pentanol,Hexanol,"Pentanol
Hexanol",A94R1,af
0.6,A94R1_tracesfeature_odorafcondition_2SECAFODORONSET,Pentanol,Hexanol,"Pentanol
Hexanol",A94R1,af
0.6,A94R1_tracesfeature_odorafcondition_2SECAFODORONSET,Pentanol,Hexanol,"Pentanol
Hexanol",A94R1,af
0.7,A94R1_tracesfeature_odorafcondition_2SECAFODORONSET,Pentanol,Hexanol,"Pentanol
Hexanol",A94R1,af
0.9,A94R1_tracesfeature_odorafcondition_2SECAFODORONSET,Pentanol,Heptanol,"Pentanol
Heptanol",A94R1,af
0.7,A94R1_tracesfeature_odorafcondition_2SECAFODORONSET,Pentanol,Heptanol,"Pentanol
Heptanol",A94R1,af
0.7,A94R1_tracesfeature_odorafcondition_2SECAFODORONSET,Pentanol,Heptanol,"Pentanol
Heptanol",A94R1,af
0.9,A94R1_tracesfeature_odorafcondition_2SECAFODORONSET,Pentanol,Heptanol,"Pentanol
Heptanol",A94R1,af
0.6,A94R1_tracesfeature_odorafcondition_2SECAFODORONSET,Pentanol,Heptanol,"Pentanol
Heptanol",A94R1,af
0.8,A94R1_tracesfeature_odorafcondition_2SECAFODORONSET,Pentanol,Heptanol,"Pentanol
Heptanol",A94R1,af
0.7,A94R1_tracesfeature_odorafcondition_2SECAFODORONSET,Pentanol,Heptanol,"Pentanol
Heptanol",A94R1,af
1.0,A94R1_tracesfeature_odorafcondition_2SECAFODORONSET,Pentanol,Heptanol,"Pentanol
Heptanol",A94R1,af
0.8,A94R1_tracesfeature_odorafcondition_2SECAFODORONSET,Pentanol,Heptanol,"Pentanol
Heptanol",A94R1,af
0.7,A94R1_tracesfeature_odorafcondition_2SECAFODORONSET,Pentanol,Heptanol,"Pentanol
Heptanol",A94R1,af
0.3,A94R1_tracesfeature_odorafcondition_2SECAFODORONSET,Pentanol,Octanol,"Pentanol
Octanol",A94R1,af
0.6,A94R1_tracesfeature_odorafcondition_2SECAFODORONSET,Pentanol,Octanol,"Pentanol
Octanol",A94R1,af
0.4,A94R1_tracesfeature_odorafcondition_2SECAFODORONSET,Pentanol,Octanol,"Pentanol
Octanol",A94R1,af
0.7,A94R1_tracesfeature_odorafcondition_2SECAFODORONSET,Pentanol,Octanol,"Pentanol
Octanol",A94R1,af
0.6,A94R1_tracesfeature_odorafcondition_2SECAFODORONSET,Pentanol,Octanol,"Pentanol
Octanol",A94R1,af
0.6,A94R1_tracesfeature_odorafcondition_2SECAFODORONSET,Pentanol,Octanol,"Pentanol
Octanol",A94R1,af
0.6,A94R1_tracesfeature_odorafcondition_2SECAFODORONSET,Pentanol,Octanol,"Pentanol
Octanol",A94R1,af
0.5,A94R1_tracesfeature_odorafcondition_2SECAFODORONSET,Pentanol,Octanol,"Pentanol
Octanol",A94R1,af
0.9,A94R1_tracesfeature_odorafcondition_2SECAFODORONSET,Pentanol,Octanol,"Pentanol
Octanol",A94R1,af
0.7,A94R1_tracesfeature_odorafcondition_2SECAFODORONSET,Pentanol,Octanol,"Pentanol
Octanol",A94R1,af
0.6,A94R1_tracesfeature_odorafcondition_2SECAFODORONSET,Hexanol,Heptanol,"Hexanol
Heptanol",A94R1,af
0.6,A94R1_tracesfeature_odorafcondition_2SECAFODORONSET,Hexanol,Heptanol,"Hexanol
Heptanol",A94R1,af
0.6,A94R1_tracesfeature_odorafcondition_2SECAFODORONSET,Hexanol,Heptanol,"Hexanol
Heptanol",A94R1,af
0.8,A94R1_tracesfeature_odorafcondition_2SECAFODORONSET,Hexanol,Heptanol,"Hexanol
Heptanol",A94R1,af
0.8,A94R1_tracesfeature_odorafcondition_2SECAFODORONSET,Hexanol,Heptanol,"Hexanol
Heptanol",A94R1,af
0.9,A94R1_tracesfeature_odorafcondition_2SECAFODORONSET,Hexanol,Heptanol,"Hexanol
Heptanol",A94R1,af
0.8,A94R1_tracesfeature_odorafcondition_2SECAFODORONSET,Hexanol,Heptanol,"Hexanol
Heptanol",A94R1,af
0.6,A94R1_tracesfeature_odorafcondition_2SECAFODORONSET,Hexanol,Heptanol,"Hexanol
Heptanol",A94R1,af
0.7,A94R1_tracesfeature_odorafcondition_2SECAFODORONSET,Hexanol,Heptanol,"Hexanol
Heptanol",A94R1,af
0.9,A94R1_tracesfeature_odorafcondition_2SECAFODORONSET,Hexanol,Heptanol,"Hexanol
Heptanol",A94R1,af
0.7,A94R1_tracesfeature_odorafcondition_2SECAFODORONSET,Hexanol,Octanol,"Hexanol
Octanol",A94R1,af
0.8,A94R1_tracesfeature_odorafcondition_2SECAFODORONSET,Hexanol,Octanol,"Hexanol
Octanol",A94R1,af
0.8,A94R1_tracesfeature_odorafcondition_2SECAFODORONSET,Hexanol,Octanol,"Hexanol
Octanol",A94R1,af
0.6,A94R1_tracesfeature_odorafcondition_2SECAFODORONSET,Hexanol,Octanol,"Hexanol
Octanol",A94R1,af
0.8,A94R1_tracesfeature_odorafcondition_2SECAFODORONSET,Hexanol,Octanol,"Hexanol
Octanol",A94R1,af
0.8,A94R1_tracesfeature_odorafcondition_2SECAFODORONSET,Hexanol,Octanol,"Hexanol
Octanol",A94R1,af
0.8,A94R1_tracesfeature_odorafcondition_2SECAFODORONSET,Hexanol,Octanol,"Hexanol
Octanol",A94R1,af
0.8,A94R1_tracesfeature_odorafcondition_2SECAFODORONSET,Hexanol,Octanol,"Hexanol
Octanol",A94R1,af
0.6,A94R1_tracesfeature_odorafcondition_2SECAFODORONSET,Hexanol,Octanol,"Hexanol
Octanol",A94R1,af
0.8,A94R1_tracesfeature_odorafcondition_2SECAFODORONSET,Hexanol,Octanol,"Hexanol
Octanol",A94R1,af
0.3,A94R1_tracesfeature_odorafcondition_2SECAFODORONSET,Heptanol,Octanol,"Heptanol
Octanol",A94R1,af
0.6,A94R1_tracesfeature_odorafcondition_2SECAFODORONSET,Heptanol,Octanol,"Heptanol
Octanol",A94R1,af
0.5,A94R1_tracesfeature_odorafcondition_2SECAFODORONSET,Heptanol,Octanol,"Heptanol
Octanol",A94R1,af
0.4,A94R1_tracesfeature_odorafcondition_2SECAFODORONSET,Heptanol,Octanol,"Heptanol
Octanol",A94R1,af
0.6,A94R1_tracesfeature_odorafcondition_2SECAFODORONSET,Heptanol,Octanol,"Heptanol
Octanol",A94R1,af
0.3,A94R1_tracesfeature_odorafcondition_2SECAFODORONSET,Heptanol,Octanol,"Heptanol
Octanol",A94R1,af
0.6,A94R1_tracesfeature_odorafcondition_2SECAFODORONSET,Heptanol,Octanol,"Heptanol
Octanol",A94R1,af
0.7,A94R1_tracesfeature_odorafcondition_2SECAFODORONSET,Heptanol,Octanol,"Heptanol
Octanol",A94R1,af
0.5,A94R1_tracesfeature_odorafcondition_2SECAFODORONSET,Heptanol,Octanol,"Heptanol
Octanol",A94R1,af
0.9,A94R1_tracesfeature_odorafcondition_2SECAFODORONSET,Heptanol,Octanol,"Heptanol
Octanol",A94R1,af
0.3,A94R1_tracesfeature_odorbfcondition_2SECAFODORONSET,Pentanol,Hexanol,"Pentanol
Hexanol",A94R1,bf
0.5,A94R1_tracesfeature_odorbfcondition_2SECAFODORONSET,Pentanol,Hexanol,"Pentanol
Hexanol",A94R1,bf
0.5,A94R1_tracesfeature_odorbfcondition_2SECAFODORONSET,Pentanol,Hexanol,"Pentanol
Hexanol",A94R1,bf
0.4,A94R1_tracesfeature_odorbfcondition_2SECAFODORONSET,Pentanol,Hexanol,"Pentanol
Hexanol",A94R1,bf
0.4,A94R1_tracesfeature_odorbfcondition_2SECAFODORONSET,Pentanol,Hexanol,"Pentanol
Hexanol",A94R1,bf
0.5,A94R1_tracesfeature_odorbfcondition_2SECAFODORONSET,Pentanol,Hexanol,"Pentanol
Hexanol",A94R1,bf
0.3,A94R1_tracesfeature_odorbfcondition_2SECAFODORONSET,Pentanol,Hexanol,"Pentanol
Hexanol",A94R1,bf
0.5,A94R1_tracesfeature_odorbfcondition_2SECAFODORONSET,Pentanol,Hexanol,"Pentanol
Hexanol",A94R1,bf
0.5,A94R1_tracesfeature_odorbfcondition_2SECAFODORONSET,Pentanol,Hexanol,"Pentanol
Hexanol",A94R1,bf
0.4,A94R1_tracesfeature_odorbfcondition_2SECAFODORONSET,Pentanol,Hexanol,"Pentanol
Hexanol",A94R1,bf
0.7,A94R1_tracesfeature_odorbfcondition_2SECAFODORONSET,Pentanol,Heptanol,"Pentanol
Heptanol",A94R1,bf
0.6,A94R1_tracesfeature_odorbfcondition_2SECAFODORONSET,Pentanol,Heptanol,"Pentanol
Heptanol",A94R1,bf
0.7,A94R1_tracesfeature_odorbfcondition_2SECAFODORONSET,Pentanol,Heptanol,"Pentanol
Heptanol",A94R1,bf
0.9,A94R1_tracesfeature_odorbfcondition_2SECAFODORONSET,Pentanol,Heptanol,"Pentanol
Heptanol",A94R1,bf
0.6,A94R1_tracesfeature_odorbfcondition_2SECAFODORONSET,Pentanol,Heptanol,"Pentanol
Heptanol",A94R1,bf
0.7,A94R1_tracesfeature_odorbfcondition_2SECAFODORONSET,Pentanol,Heptanol,"Pentanol
Heptanol",A94R1,bf
0.5,A94R1_tracesfeature_odorbfcondition_2SECAFODORONSET,Pentanol,Heptanol,"Pentanol
Heptanol",A94R1,bf
0.6,A94R1_tracesfeature_odorbfcondition_2SECAFODORONSET,Pentanol,Heptanol,"Pentanol
Heptanol",A94R1,bf
0.8,A94R1_tracesfeature_odorbfcondition_2SECAFODORONSET,Pentanol,Heptanol,"Pentanol
Heptanol",A94R1,bf
0.7,A94R1_tracesfeature_odorbfcondition_2SECAFODORONSET,Pentanol,Heptanol,"Pentanol
Heptanol",A94R1,bf
0.6,A94R1_tracesfeature_odorbfcondition_2SECAFODORONSET,Pentanol,Octanol,"Pentanol
Octanol",A94R1,bf
0.5,A94R1_tracesfeature_odorbfcondition_2SECAFODORONSET,Pentanol,Octanol,"Pentanol
Octanol",A94R1,bf
0.6,A94R1_tracesfeature_odorbfcondition_2SECAFODORONSET,Pentanol,Octanol,"Pentanol
Octanol",A94R1,bf
0.5,A94R1_tracesfeature_odorbfcondition_2SECAFODORONSET,Pentanol,Octanol,"Pentanol
Octanol",A94R1,bf
0.6,A94R1_tracesfeature_odorbfcondition_2SECAFODORONSET,Pentanol,Octanol,"Pentanol
Octanol",A94R1,bf
0.3,A94R1_tracesfeature_odorbfcondition_2SECAFODORONSET,Pentanol,Octanol,"Pentanol
Octanol",A94R1,bf
0.6,A94R1_tracesfeature_odorbfcondition_2SECAFODORONSET,Pentanol,Octanol,"Pentanol
Octanol",A94R1,bf
0.5,A94R1_tracesfeature_odorbfcondition_2SECAFODORONSET,Pentanol,Octanol,"Pentanol
Octanol",A94R1,bf
0.5,A94R1_tracesfeature_odorbfcondition_2SECAFODORONSET,Pentanol,Octanol,"Pentanol
Octanol",A94R1,bf
0.4,A94R1_tracesfeature_odorbfcondition_2SECAFODORONSET,Pentanol,Octanol,"Pentanol
Octanol",A94R1,bf
0.8,A94R1_tracesfeature_odorbfcondition_2SECAFODORONSET,Hexanol,Heptanol,"Hexanol
Heptanol",A94R1,bf
0.6,A94R1_tracesfeature_odorbfcondition_2SECAFODORONSET,Hexanol,Heptanol,"Hexanol
Heptanol",A94R1,bf
0.7,A94R1_tracesfeature_odorbfcondition_2SECAFODORONSET,Hexanol,Heptanol,"Hexanol
Heptanol",A94R1,bf
0.6,A94R1_tracesfeature_odorbfcondition_2SECAFODORONSET,Hexanol,Heptanol,"Hexanol
Heptanol",A94R1,bf
0.5,A94R1_tracesfeature_odorbfcondition_2SECAFODORONSET,Hexanol,Heptanol,"Hexanol
Heptanol",A94R1,bf
0.6,A94R1_tracesfeature_odorbfcondition_2SECAFODORONSET,Hexanol,Heptanol,"Hexanol
Heptanol",A94R1,bf
0.6,A94R1_tracesfeature_odorbfcondition_2SECAFODORONSET,Hexanol,Heptanol,"Hexanol
Heptanol",A94R1,bf
0.3,A94R1_tracesfeature_odorbfcondition_2SECAFODORONSET,Hexanol,Heptanol,"Hexanol
Heptanol",A94R1,bf
0.5,A94R1_tracesfeature_odorbfcondition_2SECAFODORONSET,Hexanol,Heptanol,"Hexanol
Heptanol",A94R1,bf
0.5,A94R1_tracesfeature_odorbfcondition_2SECAFODORONSET,Hexanol,Heptanol,"Hexanol
Heptanol",A94R1,bf
0.5,A94R1_tracesfeature_odorbfcondition_2SECAFODORONSET,Hexanol,Octanol,"Hexanol
Octanol",A94R1,bf
0.6,A94R1_tracesfeature_odorbfcondition_2SECAFODORONSET,Hexanol,Octanol,"Hexanol
Octanol",A94R1,bf
0.7,A94R1_tracesfeature_odorbfcondition_2SECAFODORONSET,Hexanol,Octanol,"Hexanol
Octanol",A94R1,bf
0.7,A94R1_tracesfeature_odorbfcondition_2SECAFODORONSET,Hexanol,Octanol,"Hexanol
Octanol",A94R1,bf
0.3,A94R1_tracesfeature_odorbfcondition_2SECAFODORONSET,Hexanol,Octanol,"Hexanol
Octanol",A94R1,bf
0.5,A94R1_tracesfeature_odorbfcondition_2SECAFODORONSET,Hexanol,Octanol,"Hexanol
Octanol",A94R1,bf
0.5,A94R1_tracesfeature_odorbfcondition_2SECAFODORONSET,Hexanol,Octanol,"Hexanol
Octanol",A94R1,bf
0.6,A94R1_tracesfeature_odorbfcondition_2SECAFODORONSET,Hexanol,Octanol,"Hexanol
Octanol",A94R1,bf
0.6,A94R1_tracesfeature_odorbfcondition_2SECAFODORONSET,Hexanol,Octanol,"Hexanol
Octanol",A94R1,bf
0.5,A94R1_tracesfeature_odorbfcondition_2SECAFODORONSET,Hexanol,Octanol,"Hexanol
Octanol",A94R1,bf
0.5,A94R1_tracesfeature_odorbfcondition_2SECAFODORONSET,Heptanol,Octanol,"Heptanol
Octanol",A94R1,bf
0.6,A94R1_tracesfeature_odorbfcondition_2SECAFODORONSET,Heptanol,Octanol,"Heptanol
Octanol",A94R1,bf
0.3,A94R1_tracesfeature_odorbfcondition_2SECAFODORONSET,Heptanol,Octanol,"Heptanol
Octanol",A94R1,bf
0.5,A94R1_tracesfeature_odorbfcondition_2SECAFODORONSET,Heptanol,Octanol,"Heptanol
Octanol",A94R1,bf
0.5,A94R1_tracesfeature_odorbfcondition_2SECAFODORONSET,Heptanol,Octanol,"Heptanol
Octanol",A94R1,bf
0.4,A94R1_tracesfeature_odorbfcondition_2SECAFODORONSET,Heptanol,Octanol,"Heptanol
Octanol",A94R1,bf
0.4,A94R1_tracesfeature_odorbfcondition_2SECAFODORONSET,Heptanol,Octanol,"Heptanol
Octanol",A94R1,bf
0.5,A94R1_tracesfeature_odorbfcondition_2SECAFODORONSET,Heptanol,Octanol,"Heptanol
Octanol",A94R1,bf
0.5,A94R1_tracesfeature_odorbfcondition_2SECAFODORONSET,Heptanol,Octanol,"Heptanol
Octanol",A94R1,bf
0.6,A94R1_tracesfeature_odorbfcondition_2SECAFODORONSET,Heptanol,Octanol,"Heptanol
Octanol",A94R1,bf
